track_name,primary_artist_name,all_artists,album_name,track_popularity,artist_popularity,artist_followers,artist_genres,album_release_date,duration_readable,is_explicit,track_url,track_uri
Posso Até Não Te Dar Flores,DJ Japa NK,DJ Japa NK; MC Meno K; MC Ryan SP; Mc Jacaré; DJ DAVI DOGDOG,Posso Até Não Te Dar Flores,91,84,551550,brazilian funk; trap funk; funk consciente,2025-09-11,2:38,True,https://open.spotify.com/track/4G7bbgD2DHORU4frrWoCXp,spotify:track:4G7bbgD2DHORU4frrWoCXp
JETSKI,PEDRO SAMPAIO,PEDRO SAMPAIO; MC Meno K; Melody,JETSKI,87,80,3246579,brazilian funk; funk pop; funk carioca; brazilian pop; brega funk,2025-12-18,2:28,True,https://open.spotify.com/track/3jhyw60F61gc7nC4dblqtC,spotify:track:3jhyw60F61gc7nC4dblqtC
SET DO JAPA NK 2.0,DJ Japa NK,DJ Japa NK; MC Ryan SP; MC Meno K; Mc IG; MC LUUKY; Mc Jacaré; Mc Rodrigo do CN; MC GH do 7; Mc Lele JP; MC Jvila; Oruam,SET DO JAPA NK 2.0,86,84,551550,brazilian funk; trap funk; funk consciente,2025-11-20,8:38,True,https://open.spotify.com/track/1JZDwJgE9VSC0V2GR66z63,spotify:track:1JZDwJgE9VSC0V2GR66z63
Eu Me Apaixonei,Vitinho Imperador,Vitinho Imperador,Eu Me Apaixonei,86,71,526910,piseiro; forró; arrocha; brega; sertanejo; seresta,2025-02-27,3:25,False,https://open.spotify.com/track/4SjcIkVc4cvFgURD1EHxDM,spotify:track:4SjcIkVc4cvFgURD1EHxDM
Amo Minha Favela,DJ Japa NK,DJ Japa NK; MC Meno K,Amo Minha Favela,85,84,551550,brazilian funk; trap funk; funk consciente,2025-12-11,1:59,True,https://open.spotify.com/track/4S1SaaCxQ87nXpA2EfYFj4,spotify:track:4S1SaaCxQ87nXpA2EfYFj4
Vagabundo,Gusttavo Lima,Gusttavo Lima; Luis Fonsi,Vagabundo,85,84,23751961,sertanejo; sertanejo universitário; arrocha; agronejo; piseiro; forró,2025-12-09,3:27,False,https://open.spotify.com/track/1mnMkTvrPi4iTblXaRvOoi,spotify:track:1mnMkTvrPi4iTblXaRvOoi
São Paulo (feat. Anitta),The Weeknd,The Weeknd; Anitta,Hurry Up Tomorrow,85,96,117667520,,2025-01-31,5:01,True,https://open.spotify.com/track/7DY756WOLyOz2Xnhw4EFiC,spotify:track:7DY756WOLyOz2Xnhw4EFiC
Deixa Eu - Ao Vivo,Murilo Huff,Murilo Huff,Acústico (Ao Vivo),85,78,2682206,sertanejo; sertanejo universitário; arrocha; agronejo,2025-08-14,2:38,False,https://open.spotify.com/track/2Hw0LzrD6ic8AckKBxJhiO,spotify:track:2Hw0LzrD6ic8AckKBxJhiO
Diário de um Cafajeste,DJ Oreia,DJ Oreia; Mc Lele JP; MC Meno K; MC Ryan SP; MC Tuto; Mc Negão Original,Diário de um Cafajeste,84,76,510047,brazilian funk; funk consciente; trap funk,2025-11-06,5:57,True,https://open.spotify.com/track/6kaWah1Acn1dtNjAy6sm1p,spotify:track:6kaWah1Acn1dtNjAy6sm1p
FAMOSINHA,Dj Caio Vieira,Dj Caio Vieira; MC Meno K; Mc Rodrigo do CN,FAMOSINHA,84,68,137388,brazilian funk; funk de bh,2025-02-28,2:13,True,https://open.spotify.com/track/5Nj2UVsxXAvhfYNpcre3al,spotify:track:5Nj2UVsxXAvhfYNpcre3al
Pelo Bem da Minha Saudade,Gusttavo Lima,Gusttavo Lima,Feito À Mão Vol. 01,83,84,23751961,sertanejo; sertanejo universitário; arrocha; agronejo; piseiro; forró,2025-08-13,2:51,False,https://open.spotify.com/track/2W8XL6iRGMmGHpqW2TKcXc,spotify:track:2W8XL6iRGMmGHpqW2TKcXc
Vai Tomando Pock Pock,Mc Lele JP,Mc Lele JP; MC Leozinho ZS; MC GH Original; MC Menor ZL; MC Meno K; DJ GORDINHO DA VF; MC PR,Chatão,83,83,1422008,brazilian funk; funk consciente; trap funk,2025-08-07,5:35,True,https://open.spotify.com/track/020De83tFmcTrgEpzdUCNS,spotify:track:020De83tFmcTrgEpzdUCNS
Saudade do Carai,Mari Fernandez,Mari Fernandez; Grelo; Natanzinho Lima,Saudade do Carai,83,73,4090416,piseiro; sertanejo; forró; arrocha; agronejo; sertanejo universitário,2025-11-20,2:50,False,https://open.spotify.com/track/0HixceBFegrCY3GFBB7SlQ,spotify:track:0HixceBFegrCY3GFBB7SlQ
"Desliza (""Ólhinho"" No Corpinho)",Léo Santana,Léo Santana; Melody,"Desliza (""Ólhinho"" No Corpinho)",83,73,2469843,pagode baiano; axé; piseiro; pagode; arrocha; brazilian pop; brazilian funk,2025-05-16,2:26,False,https://open.spotify.com/track/2gLUZtZN1gfercLP9guft3,spotify:track:2gLUZtZN1gfercLP9guft3
Apaga Apaga Apaga - Ao Vivo,Danilo e Davi,Danilo e Davi,Toma Essa Verdade (Ao Vivo),83,71,446495,sertanejo; agronejo; sertanejo universitário,2024-08-09,2:58,False,https://open.spotify.com/track/17tg01y3RhlfRKMnd333yL,spotify:track:17tg01y3RhlfRKMnd333yL
P do Pecado - Ao Vivo,Grupo Menos É Mais,Grupo Menos É Mais; Simone Mendes,MOLHO (Ao Vivo),82,86,6923314,pagode; samba,2025-10-16,3:12,False,https://open.spotify.com/track/38Ps9Kui6qJjpVqdBOfN5M,spotify:track:38Ps9Kui6qJjpVqdBOfN5M
Pela Última Vez - Ao Vivo,Grupo Menos É Mais,Grupo Menos É Mais; NATTAN,MOLHO (Ao Vivo),82,86,6923314,pagode; samba,2025-10-16,2:42,False,https://open.spotify.com/track/6B7ot6Wlqf7zt3FCkYl2FJ,spotify:track:6B7ot6Wlqf7zt3FCkYl2FJ
Baqueado - Ao Vivo,Panda,Panda; Ícaro e Gilmar; MJ Records,Panda Sem Moderação (Ao Vivo),82,85,442396,sertanejo; sertanejo universitário,2024-12-19,2:26,False,https://open.spotify.com/track/25CffgwZg6vlUdCsHJijZo,spotify:track:25CffgwZg6vlUdCsHJijZo
Calcinha de Renda - Ao Vivo,Panda,Panda; Gusttavo Lima; MJ Records,Calcinha de Renda (Ao Vivo),82,85,442396,sertanejo; sertanejo universitário,2025-11-26,3:19,False,https://open.spotify.com/track/2a9WkloaIu64sryr4JTdTi,spotify:track:2a9WkloaIu64sryr4JTdTi
Despacito,Luis Fonsi,Luis Fonsi; Daddy Yankee,VIDA,82,78,11101544,latin,2019-02-01,3:49,False,https://open.spotify.com/track/6habFhsOp2NvshLv26DqMb,spotify:track:6habFhsOp2NvshLv26DqMb
Ama Um Maloqueiro,Rafa e Junior,Rafa e Junior; Hugo & Guilherme; DJ Ari SL,Ama Um Maloqueiro,82,67,31230,agronejo; sertanejo; sertanejo universitário,2025-05-22,2:42,False,https://open.spotify.com/track/2ejSYn4SfoE07mXPlnYVED,spotify:track:2ejSYn4SfoE07mXPlnYVED
Ignora (Ao Vivo),Felipe e Rodrigo,Felipe e Rodrigo,Velhos Hábitos Vol. 1 (Ao Vivo),82,76,612277,sertanejo; sertanejo universitário; agronejo,2025-12-04,2:59,False,https://open.spotify.com/track/0dI5yI0wplyuwBMEGKXeJC,spotify:track:0dI5yI0wplyuwBMEGKXeJC
Gauchinha,DJ Japa NK,DJ Japa NK; MC Meno K; MC Ryan SP; Mc Brinquedo; MC LUUKY,Beat Que Te Deixa Alerta,81,84,551550,brazilian funk; trap funk; funk consciente,2025-12-17,4:33,False,https://open.spotify.com/track/7qqixxBvZIGSep53Eh2o0b,spotify:track:7qqixxBvZIGSep53Eh2o0b
Última Saudade - Ao Vivo,Henrique & Juliano,Henrique & Juliano,Manifesto Musical 2 (Ao Vivo / Vol.1),81,87,31705085,sertanejo; sertanejo universitário; arrocha; agronejo,2024-12-13,2:30,False,https://open.spotify.com/track/4y93vvzu2h8MITw7YyUTcI,spotify:track:4y93vvzu2h8MITw7YyUTcI
wgft (feat. Burna Boy),Gunna,Gunna; Burna Boy,The Last Wun,81,88,10983524,melodic rap,2025-08-08,3:04,True,https://open.spotify.com/track/0WsC4ETIXyiHDMXRaPMvKe,spotify:track:0WsC4ETIXyiHDMXRaPMvKe
"Homem É Homem, Moleque É Moleque",NATTAN,NATTAN; Zé Felipe,"Homem É Homem, Moleque É Moleque",81,78,3963501,piseiro; forró; sertanejo; arrocha; brega; seresta,2025-11-21,2:24,False,https://open.spotify.com/track/5cGieTJ0FQC2JXqSH4OJpg,spotify:track:5cGieTJ0FQC2JXqSH4OJpg
Tubarões - Ao Vivo,Diego & Victor Hugo,Diego & Victor Hugo,Ao Vivo Em Uberlândia Vol. 02,81,77,4108199,sertanejo; sertanejo universitário; arrocha; agronejo; piseiro,2025-08-07,2:42,False,https://open.spotify.com/track/6tUdNbB9aYbX0sUDXOzX1u,spotify:track:6tUdNbB9aYbX0sUDXOzX1u
Se Eu Te Perdoar - Ao Vivo,Clayton & Romário,Clayton & Romário; Zé Felipe,Se Eu Te Perdoar (Ao Vivo),81,73,852384,sertanejo; sertanejo universitário; agronejo; arrocha,2025-09-11,2:44,False,https://open.spotify.com/track/4c4tcqYfqiFc527gqNdRE5,spotify:track:4c4tcqYfqiFc527gqNdRE5
Fanatismo,Yasmin Sensação,Yasmin Sensação,Repertório Fim de Ano,81,70,77939,arrocha; forró; seresta; brega; piseiro,2025-12-09,2:22,False,https://open.spotify.com/track/1bWYjhtGuje05MGLOAQvpj,spotify:track:1bWYjhtGuje05MGLOAQvpj
Coração Partido (Corazón Partío) - Ao Vivo,Grupo Menos É Mais,Grupo Menos É Mais,Churrasquinho 3 (Ao Vivo),80,86,6923314,pagode; samba,2024-11-14,3:15,False,https://open.spotify.com/track/6Kyl2nFgU0J8WBlbBvDv6g,spotify:track:6Kyl2nFgU0J8WBlbBvDv6g
Bebe e Vem Me Procurar / Quem Ama Sente Saudade (Ao Vivo),Turma do Pagode,Turma do Pagode; Grupo Menos É Mais,Turma no Quintal (Ao Vivo),80,75,4060880,pagode; samba,2021-05-21,3:36,False,https://open.spotify.com/track/1N19UVD4GRBFT6UrDaX6rk,spotify:track:1N19UVD4GRBFT6UrDaX6rk
Eu Te Seguro - Ao Vivo,Panda,Panda; MJ Records,"Panda Sem Moderação 2, Vol.3",80,85,442396,sertanejo; sertanejo universitário,2025-10-23,2:28,False,https://open.spotify.com/track/4V2rUOmaevK0C1bKAkeFf5,spotify:track:4V2rUOmaevK0C1bKAkeFf5
"Bebe, Beija e Trai - Ao Vivo",Mayke & Rodrigo,Mayke & Rodrigo; Panda,"Bebe, Beija e Trai (Ao Vivo)",80,65,39644,sertanejo; agronejo; sertanejo universitário; pagode; piseiro,2025-10-30,2:36,False,https://open.spotify.com/track/1yJYseCZJYRHZkl1DJ3tLs,spotify:track:1yJYseCZJYRHZkl1DJ3tLs
Retrovisor,Gusttavo Lima,Gusttavo Lima,Feito À Mão Vol. 01,80,84,23751961,sertanejo; sertanejo universitário; arrocha; agronejo; piseiro; forró,2025-08-13,3:05,False,https://open.spotify.com/track/4QZqSqxdcgAbtZle4MS4ph,spotify:track:4QZqSqxdcgAbtZle4MS4ph
GOSTOSIN,Anitta,Anitta; Felipe Amorim; HITMAKER,Ensaios Da Anitta,80,83,13305693,brazilian pop; funk pop; brazilian funk; funk carioca,2025-12-04,2:09,False,https://open.spotify.com/track/2s4nhrlWTnmzSnGFH5pyAM,spotify:track:2s4nhrlWTnmzSnGFH5pyAM
Gata Only (Remix),FloyyMenor,FloyyMenor; Ozuna; Anitta,Gata Only (Remix),80,78,2347079,reggaeton chileno,2024-06-07,3:50,True,https://open.spotify.com/track/0JGTfiC4Z41GEEpMYLbWwO,spotify:track:0JGTfiC4Z41GEEpMYLbWwO
ME POSTOU NO DAILY - FESTA DO BIG G,MC GP,MC GP; Mc Lele JP; DJ DAVI DOGDOG; Dj Andrabeat,MIXTAPE - BIG G,80,80,2246942,brazilian funk; funk consciente; trap funk,2025-11-27,2:57,True,https://open.spotify.com/track/4ukpXdplqDEMk3Fy2i30oI,spotify:track:4ukpXdplqDEMk3Fy2i30oI
Toma Gostosona,Mc Lele JP,Mc Lele JP; DJ Guh Mix,Toma Gostosona,80,83,1422008,brazilian funk; funk consciente; trap funk,2025-04-28,2:36,True,https://open.spotify.com/track/7G8V8LiyyqwzSlsQLiaitN,spotify:track:7G8V8LiyyqwzSlsQLiaitN
Era Sol Que Me Faltava,AgroPlay,AgroPlay; Ana Castela; CountryBeat,Era Sol Que Me Faltava,80,74,1124200,agronejo; sertanejo; sertanejo universitário,2025-12-10,1:55,False,https://open.spotify.com/track/2M6M1f5SVQqamxeyItWZxo,spotify:track:2M6M1f5SVQqamxeyItWZxo
Ilusão De Ótica - Ao Vivo,Matheus & Kauan,Matheus & Kauan; Ana Castela,Envolvente (Ao Vivo / Vol.2),80,80,13405486,sertanejo; sertanejo universitário; arrocha; agronejo,2025-03-14,2:59,False,https://open.spotify.com/track/44CTudFZ0kbaIF9n0jk7oU,spotify:track:44CTudFZ0kbaIF9n0jk7oU
ORÇAMENTO - Ao Vivo,Luan Pereira,Luan Pereira; Ana Castela,DEBAIXO DO MEU CHAPÉU (Ao Vivo),80,76,3486281,agronejo; sertanejo; sertanejo universitário; piseiro,2025-12-04,2:45,False,https://open.spotify.com/track/79MxbO0fmeREiSUdODnqaq,spotify:track:79MxbO0fmeREiSUdODnqaq
SEQUÊNCIA FEITICEIRA,PEDRO SAMPAIO,PEDRO SAMPAIO; Mc Gw; Mc Jhey; Mc Rodrigo do CN; MC Nito,SEQUÊNCIAS #1,80,80,3246579,brazilian funk; funk pop; funk carioca; brazilian pop; brega funk,2025-11-18,2:09,True,https://open.spotify.com/track/1JUmsSEfVwhdJCVBG83XGU,spotify:track:1JUmsSEfVwhdJCVBG83XGU
Até Quebrar a Cama 2.0,cjnobeat,cjnobeat; Mc Morena; Mc Gw,Até Quebrar a Cama 2.0,80,69,64462,brega funk; brazilian funk,2025-07-24,2:12,True,https://open.spotify.com/track/7aOv4uSAmiB9XKnkibqSdo,spotify:track:7aOv4uSAmiB9XKnkibqSdo
Talvez você precise de mim,Veigh,Veigh; Supernova Ent,Eu Venci o Mundo,80,79,6789613,brazilian trap; trap funk; trap; brazilian hip hop,2025-06-26,2:06,True,https://open.spotify.com/track/2De1EHbIhepIVLHZ16bySE,spotify:track:2De1EHbIhepIVLHZ16bySE
Eu Vou na Sua Casa,Felipe Amorim,Felipe Amorim; Vitão; BIN; Malibu,RomantiDog,80,77,3415280,piseiro; forró; arrocha; sertanejo; agronejo; brega,2025-06-16,2:59,True,https://open.spotify.com/track/2GylVVMD21R4SqgAt8gGC5,spotify:track:2GylVVMD21R4SqgAt8gGC5
Alô Virgínia - Ao Vivo,Grupo Chocolate,Grupo Chocolate; Turma do Pagode,Alô Virgínia (Ao Vivo),80,65,55237,pagode; samba,2025-12-04,2:39,False,https://open.spotify.com/track/75cbS6bJO0yUVXKVrRdSgv,spotify:track:75cbS6bJO0yUVXKVrRdSgv
Saudade De Quem Eu Sou - Ao Vivo,Henrique & Juliano,Henrique & Juliano,Manifesto Musical 2 (Ao Vivo),79,87,31705085,sertanejo; sertanejo universitário; arrocha; agronejo,2025-06-27,2:33,False,https://open.spotify.com/track/7tesyGMnAFNI0l2xaxcFKi,spotify:track:7tesyGMnAFNI0l2xaxcFKi
Seja Ex - Ao Vivo,Henrique & Juliano,Henrique & Juliano,Manifesto Musical 2 (Ao Vivo / Vol.1),79,87,31705085,sertanejo; sertanejo universitário; arrocha; agronejo,2024-12-13,3:12,False,https://open.spotify.com/track/5k7JSycp97vL45zSOoUsTE,spotify:track:5k7JSycp97vL45zSOoUsTE
Amigo Da Minha Saudade - Ao Vivo,Henrique & Juliano,Henrique & Juliano,Manifesto Musical 2 (Ao Vivo / Vol.1),79,87,31705085,sertanejo; sertanejo universitário; arrocha; agronejo,2024-12-13,2:30,False,https://open.spotify.com/track/07kLShG3HTeLXTqnFCqNAJ,spotify:track:07kLShG3HTeLXTqnFCqNAJ
12 Horas / Pra Você Acreditar - Ao Vivo,Panda,Panda; Humberto & Ronaldo; Ícaro e Gilmar; MJ Records,Cê Tá Doido (São José Do Rio Preto) [Ao Vivo],79,85,442396,sertanejo; sertanejo universitário,2025-02-20,4:10,False,https://open.spotify.com/track/2j7IPPMZt5nE5R4r2AbKZ8,spotify:track:2j7IPPMZt5nE5R4r2AbKZ8
Cama e Coração,Gusttavo Lima,Gusttavo Lima,Feito À Mão Vol. 01,79,84,23751961,sertanejo; sertanejo universitário; arrocha; agronejo; piseiro; forró,2025-08-13,3:41,False,https://open.spotify.com/track/4jHrB8ZcGoFbSMVq2FXzmk,spotify:track:4jHrB8ZcGoFbSMVq2FXzmk
Vou pela Madrugada,Mc Negão Original,Mc Negão Original; MC Jvila; MC Willian; DJ Japa NK; MC Meno K; DJ Guh Mix,A Nata de Tudo - A Ovelha Negra,79,80,1603544,brazilian funk; trap funk; funk consciente,2025-02-07,4:41,True,https://open.spotify.com/track/3p58wJmZqIc9RjsdeZ5Jfq,spotify:track:3p58wJmZqIc9RjsdeZ5Jfq
Downtown,Anitta,Anitta; J Balvin,Downtown,79,83,13305693,brazilian pop; funk pop; brazilian funk; funk carioca,2017-11-19,3:13,False,https://open.spotify.com/track/3Ga6eKrUFf12ouh9Yw3v2D,spotify:track:3Ga6eKrUFf12ouh9Yw3v2D
Sol Nos Olhos,Jorge & Mateus,Jorge & Mateus,Sol Nos Olhos,79,83,24792451,sertanejo; sertanejo universitário; arrocha; agronejo,2025-11-06,3:19,False,https://open.spotify.com/track/4mevJ3Ki58x4cQgWheMAPd,spotify:track:4mevJ3Ki58x4cQgWheMAPd
Escondendo o Ouro - Ao Vivo,Zé Neto & Cristiano,Zé Neto & Cristiano,"Magia das Estrelas, Vol. 1 (Ao Vivo)",79,80,23450864,sertanejo; sertanejo universitário; agronejo; arrocha,2025-05-22,2:51,False,https://open.spotify.com/track/0IBCX7PC9NcfFLuyoHxTNt,spotify:track:0IBCX7PC9NcfFLuyoHxTNt
Havaianas,Som de Faculdade,Som de Faculdade; Ferrugem,Havaianas,79,63,128095,pagode; samba,2025-11-13,2:49,False,https://open.spotify.com/track/6UhyOKAi2V34FD87MKaJ5Y,spotify:track:6UhyOKAi2V34FD87MKaJ5Y
Entregador de Flor - Ao Vivo em Brasília,Diego & Victor Hugo,Diego & Victor Hugo,Diego & Victor Hugo Ao Vivo em Brasília,79,77,4108199,sertanejo; sertanejo universitário; arrocha; agronejo; piseiro,2019-07-12,3:10,False,https://open.spotify.com/track/5aMgTcyBPH90hWHhbNKTwR,spotify:track:5aMgTcyBPH90hWHhbNKTwR
MONTAGEM BAILÃO,Repsaj,Repsaj; MXZI; ATLXS; Mc Jhey,MONTAGEM BAILÃO,79,70,333918,phonk; brazilian phonk,2025-04-04,1:43,True,https://open.spotify.com/track/1RnPdd7EKKhKN3E4o4DRsh,spotify:track:1RnPdd7EKKhKN3E4o4DRsh
Desocupa,Matheus Vargas,Matheus Vargas; Cleber & Cauan,Altas Modas,79,65,46214,sertanejo,2025-08-14,2:30,False,https://open.spotify.com/track/473DqaeIno75pBbp0bNrkT,spotify:track:473DqaeIno75pBbp0bNrkT
Aquele Lugar - Ao Vivo,Grupo Menos É Mais,Grupo Menos É Mais,MOLHO (Ao Vivo),78,86,6923314,pagode; samba,2025-10-16,2:47,False,https://open.spotify.com/track/6IFF888dQ0P6ilbj4kL6G8,spotify:track:6IFF888dQ0P6ilbj4kL6G8
Resumindo - Ao Vivo,Zé Neto & Cristiano,Zé Neto & Cristiano,"Magia das Estrelas, Vol. 1 (Ao Vivo)",78,80,23450864,sertanejo; sertanejo universitário; agronejo; arrocha,2025-05-22,2:25,False,https://open.spotify.com/track/6vGZfODFI1FxMImSUbdJhz,spotify:track:6vGZfODFI1FxMImSUbdJhz
Dois Gumes - Ao Vivo,Felipe e Rodrigo,Felipe e Rodrigo,Dois Gumes (Ao Vivo),78,76,612277,sertanejo; sertanejo universitário; agronejo,2025-11-06,3:11,False,https://open.spotify.com/track/39KwMv89TaEdaBrvk28AMC,spotify:track:39KwMv89TaEdaBrvk28AMC
SET DJ YURI PEDRADA - TRAVA CHIP,Dj Yuri Pedrada,Dj Yuri Pedrada; Nilo; MC Meno K; Mc Livinho; Mc Negão Original; MC Jvila; MC Ryan SP; Mc Paiva ZS; MC GDL,SET DJ YURI PEDRADA - TRAVA CHIP,77,67,128103,brazilian funk; trap funk; funk consciente,2025-12-18,8:07,True,https://open.spotify.com/track/65O1EyYSg0Leyf0li6Vzah,spotify:track:65O1EyYSg0Leyf0li6Vzah
Set Dj Gm 8.0,Dj GM,Dj GM; MC Paulin da Capital; MC Marks; MC Ryan SP; Love Funk; MC Lemos; Mc Lipi; Mc Lele JP; Mc Magal; Gabb MC; Mc Kadu; MC Cebezinho; Mc Paiva ZS; MC LUUKY,Set Dj Gm 8.0,77,71,872526,funk consciente; brazilian funk; trap funk,2025-11-29,11:40,False,https://open.spotify.com/track/72GqkY2T26u6OzWqf3xkSk,spotify:track:72GqkY2T26u6OzWqf3xkSk
Lapada Dela - Ao Vivo,Grupo Menos É Mais,Grupo Menos É Mais; Matheus Fernandes,Confia (Ao Vivo),77,86,6923314,pagode; samba,2023-01-20,2:39,False,https://open.spotify.com/track/4f0aDk7HX37SfzerfznYlr,spotify:track:4f0aDk7HX37SfzerfznYlr
Valentino,MC Willian,MC Willian; DJ Japa NK; DJ DAVI DOGDOG,Valentino,77,68,37687,brazilian funk; trap funk; funk consciente,2025-06-12,2:37,True,https://open.spotify.com/track/6OPfBo0J6yqzSY9WxNlbA5,spotify:track:6OPfBo0J6yqzSY9WxNlbA5
Eu Só Quero Você,AgroPlay,AgroPlay; Ana Castela; Zé Felipe,Eu Só Quero Você,77,74,1124200,agronejo; sertanejo; sertanejo universitário,2025-12-11,2:38,False,https://open.spotify.com/track/118oqjHKS0amJfPLi9LoEZ,spotify:track:118oqjHKS0amJfPLi9LoEZ
Mentira Estampada,Wesley Safadão,Wesley Safadão; Natanzinho Lima,Arrocha Safadão,77,77,12477432,forró; sertanejo; piseiro; arrocha; sertanejo universitário; brega; seresta,2024-09-06,2:53,False,https://open.spotify.com/track/4dGx53NJZJyuuLP5ownH1p,spotify:track:4dGx53NJZJyuuLP5ownH1p
VAI NO CHÃO BANDIDA,Dj Guuh,Dj Guuh; Mc Rodrigo do CN; Mc Talibã,VAI NO CHÃO BANDIDA,77,61,23700,brazilian funk,2024-10-15,2:20,True,https://open.spotify.com/track/5bPVaf87iW31GGfmk2yqsd,spotify:track:5bPVaf87iW31GGfmk2yqsd
Saudade Burra - Ao Vivo,Lauana Prado,Lauana Prado; Simone Mendes,Transcende (Ao Vivo),77,76,6035483,sertanejo; sertanejo universitário,2025-03-07,2:37,False,https://open.spotify.com/track/3M4HJl7D77l86gL1QXGJHG,spotify:track:3M4HJl7D77l86gL1QXGJHG
2026,MC Tuto,MC Tuto; DJ Oreia,2026,77,79,2537927,brazilian funk; funk consciente; trap funk,2025-12-18,2:58,False,https://open.spotify.com/track/4ZuUJilJAe5MSA8dXHdOXR,spotify:track:4ZuUJilJAe5MSA8dXHdOXR
Apaguei Pra Todos - Ao Vivo,Ferrugem,Ferrugem; Sorriso Maroto,"Ferrugem 10 Anos, Vol. 1: O Início (Ao Vivo)",77,79,6471269,pagode; samba,2024-04-18,3:18,False,https://open.spotify.com/track/65vJAh07BdwurqR9SRa6f8,spotify:track:65vJAh07BdwurqR9SRa6f8
Dois Enganados,Murilo Huff,Murilo Huff; Marília Mendonça,"Pra Ouvir Tomando Uma, Vol. 1",77,78,2682206,sertanejo; sertanejo universitário; arrocha; agronejo,2019-03-29,2:52,False,https://open.spotify.com/track/38jMHjnOAJDR4QUdk3IXsw,spotify:track:38jMHjnOAJDR4QUdk3IXsw
Buquê de Bebida - Ao Vivo,Danilo e Davi,Danilo e Davi,Iniciando Os Trabalhos (Ao Vivo),77,71,446495,sertanejo; agronejo; sertanejo universitário,2025-09-25,2:35,False,https://open.spotify.com/track/4GvuFO1fp1vVILm9DeSGW6,spotify:track:4GvuFO1fp1vVILm9DeSGW6
A Firma Segue Lucrando,MC Meno K,MC Meno K; Fepache,A Firma Segue Lucrando,76,87,606411,brazilian funk; funk carioca; trap funk,2025-09-25,2:08,True,https://open.spotify.com/track/2KINhc9Jf5Z6IxdJ3xM07Z,spotify:track:2KINhc9Jf5Z6IxdJ3xM07Z
Semi Nua,MC GP,MC GP; MC Meno K; Aaron Modesto; MC RN do Capão; DU'L; MC Rick; DJ Guh Mix; Marquinho no Beat; MC Ryan SP; Mc Negão Original,Semi Nua,76,80,2246942,brazilian funk; funk consciente; trap funk,2025-08-08,9:08,True,https://open.spotify.com/track/4kqz2VSAmiLm06X90jmktL,spotify:track:4kqz2VSAmiLm06X90jmktL
De Trás Pra Frente - Ao Vivo,Henrique & Juliano,Henrique & Juliano,O Céu Explica Tudo (Ao Vivo),76,87,31705085,sertanejo; sertanejo universitário; arrocha; agronejo,2017-07-07,2:43,False,https://open.spotify.com/track/6Tp4LCJ5r5IJaEf8lnlPfG,spotify:track:6Tp4LCJ5r5IJaEf8lnlPfG
Aquela Pessoa - Ao Vivo,Henrique & Juliano,Henrique & Juliano,O Céu Explica Tudo (Ao Vivo),76,87,31705085,sertanejo; sertanejo universitário; arrocha; agronejo,2017-07-07,2:46,False,https://open.spotify.com/track/5asabafNzfAzjUecDvuNES,spotify:track:5asabafNzfAzjUecDvuNES
Jejum de Amor / Caixa Postal / Vida Vazia - Ao Vivo,Grupo Menos É Mais,Grupo Menos É Mais,Churrasquinho 3 (Ao Vivo),76,86,6923314,pagode; samba,2024-11-14,5:11,False,https://open.spotify.com/track/2je7f5dovpUabOqTSfyD5V,spotify:track:2je7f5dovpUabOqTSfyD5V
Chatão,Mc Lele JP,Mc Lele JP; DJ Oreia; Mc DR; Gubeatz; Mc Negão Original; MC Ryan SP,Chatão,76,83,1422008,brazilian funk; funk consciente; trap funk,2025-08-07,5:14,False,https://open.spotify.com/track/5jXXQY6LLlEtEWMDL6XcaP,spotify:track:5jXXQY6LLlEtEWMDL6XcaP
Dedinho de Por Aliança - Ao Vivo,Thales Lessa,Thales Lessa; Luan Pereira; Guilherme & Benuto,Dedinho de Por Aliança (Ao Vivo),76,61,86040,arrocha; seresta; piseiro; forró; brega; sertanejo,2025-12-03,2:35,False,https://open.spotify.com/track/7w5Q1hqnEtRwmPqflWI5Ql,spotify:track:7w5Q1hqnEtRwmPqflWI5Ql
Set do Rincon 1,US Agroboy,US Agroboy; Brenno & Matheus; Country Boy; Na Base do Agro; The Roça; Edy Lemond; Dj Chris No Beat; DJ Ari SL; Os Loucotores,Set do Rincon 1,76,67,795774,agronejo; sertanejo; sertanejo universitário; piseiro,2025-12-22,6:01,False,https://open.spotify.com/track/7t2JELey25yJKmZLA00BJz,spotify:track:7t2JELey25yJKmZLA00BJz
Briga Feia - Ao Vivo,Henrique & Juliano,Henrique & Juliano,Ao Vivo No Ibirapuera,75,87,31705085,sertanejo; sertanejo universitário; arrocha; agronejo,2020-05-15,3:14,False,https://open.spotify.com/track/7bukHRNgGLRySTJEVvLoIR,spotify:track:7bukHRNgGLRySTJEVvLoIR
Vitamina C - Ao Vivo,Suel,Suel; Grupo Menos É Mais,Pôr do Suel Em Recife - Parte 2 (Ao Vivo),75,66,717055,pagode; samba,2024-07-26,2:34,False,https://open.spotify.com/track/2jpbtp5N679x92uB8s8p9h,spotify:track:2jpbtp5N679x92uB8s8p9h
Grau de Maluca - Ao Vivo,Guilherme & Benuto,Guilherme & Benuto; Grupo Menos É Mais; Matheus Fernandes,"+ Amor, + Música Vol. 3 (Ao Vivo)",75,74,2207562,sertanejo; sertanejo universitário; agronejo; arrocha; piseiro,2025-07-03,2:52,False,https://open.spotify.com/track/4W9nFl732s6NdToGaCfiSl,spotify:track:4W9nFl732s6NdToGaCfiSl
Tem Que Ser Você / O Que Combina Comigo É Você - Ao Vivo,Panda,Panda; Humberto & Ronaldo; Ícaro e Gilmar; MJ Records,Cê Tá Doido (São José Do Rio Preto) [Ao Vivo],75,85,442396,sertanejo; sertanejo universitário,2025-02-20,3:28,False,https://open.spotify.com/track/3nCuLb5HKpHYpUY3u47KG1,spotify:track:3nCuLb5HKpHYpUY3u47KG1
Um Dia Te Levo Comigo / Do Brasil à Argentina - Ao Vivo,Panda,Panda; MJ Records,"Panda Sem Moderação 2, Vol. 1 (Ao Vivo)",75,85,442396,sertanejo; sertanejo universitário,2025-05-26,3:31,False,https://open.spotify.com/track/1NPnoibZZyeILxD4mpvfAy,spotify:track:1NPnoibZZyeILxD4mpvfAy
Saudade e Cabelos Brancos,Gusttavo Lima,Gusttavo Lima,Feito À Mão Vol. 01,75,84,23751961,sertanejo; sertanejo universitário; arrocha; agronejo; piseiro; forró,2025-08-13,3:40,False,https://open.spotify.com/track/360yGInw4uhaOOWbAH3tuO,spotify:track:360yGInw4uhaOOWbAH3tuO
Culpa,Gusttavo Lima,Gusttavo Lima,Feito À Mão Vol. 01,75,84,23751961,sertanejo; sertanejo universitário; arrocha; agronejo; piseiro; forró,2025-08-13,2:37,False,https://open.spotify.com/track/10cTvGMAzCyx8CGKO0fB5q,spotify:track:10cTvGMAzCyx8CGKO0fB5q
Sofro e Não Nego,Gusttavo Lima,Gusttavo Lima,Feito À Mão Vol. 01,75,84,23751961,sertanejo; sertanejo universitário; arrocha; agronejo; piseiro; forró,2025-08-13,2:51,False,https://open.spotify.com/track/0jDBq8sXPh28uWmLeYwPQk,spotify:track:0jDBq8sXPh28uWmLeYwPQk
Ainda Tem Amor,Gusttavo Lima,Gusttavo Lima,Feito À Mão Vol. 01,75,84,23751961,sertanejo; sertanejo universitário; arrocha; agronejo; piseiro; forró,2025-08-13,2:40,False,https://open.spotify.com/track/4B1x7JW7xgPAnremTqrhZl,spotify:track:4B1x7JW7xgPAnremTqrhZl
Logo Eu,Jorge & Mateus,Jorge & Mateus,Os Anjos Cantam,75,83,24792451,sertanejo; sertanejo universitário; arrocha; agronejo,2015-03-23,2:35,False,https://open.spotify.com/track/2655xYZ347fG2N6OjkoMQ8,spotify:track:2655xYZ347fG2N6OjkoMQ8
Reclama Com Meu Ex - Naiara 15 - Ao Vivo em São Paulo,Naiara Azevedo,Naiara Azevedo; Ana Castela,Reclama Com Meu Ex / Palhaça (Naiara 15 - Ao Vivo em São Paulo),75,62,7689962,sertanejo; sertanejo universitário,2025-11-20,2:28,False,https://open.spotify.com/track/0hEl4j1UAuEFipesf8umWb,spotify:track:0hEl4j1UAuEFipesf8umWb
Olha Onde Eu Tô,Ana Castela,Ana Castela,Let's Go Rodeo,75,82,9876194,sertanejo; agronejo; sertanejo universitário; piseiro,2025-05-29,3:01,False,https://open.spotify.com/track/10MsXPpQLz5ZrOEZxTtkIm,spotify:track:10MsXPpQLz5ZrOEZxTtkIm
Neon - Spotify Sessions,Ana Castela,Ana Castela,Ana Castela - Spotify Sessions,75,82,9876194,sertanejo; agronejo; sertanejo universitário; piseiro,2025-11-06,3:44,False,https://open.spotify.com/track/6k2IgWmtJ0I3CtiKdEqSqe,spotify:track:6k2IgWmtJ0I3CtiKdEqSqe
Location (feat. Burna Boy),Dave,Dave; Burna Boy,PSYCHODRAMA,75,83,7010606,grime; uk grime; uk drill; drill,2019-03-08,4:01,True,https://open.spotify.com/track/6KFWubocLBhrLs31RpEdR9,spotify:track:6KFWubocLBhrLs31RpEdR9
Deus Perdoa - Ao Vivo,Matheus & Kauan,Matheus & Kauan,Deus Perdoa (Ao Vivo),75,80,13405486,sertanejo; sertanejo universitário; arrocha; agronejo,2025-12-19,3:01,False,https://open.spotify.com/track/0wC5n42Q23ZLYnrJmreKcb,spotify:track:0wC5n42Q23ZLYnrJmreKcb
Quarta Cadeira - Ao Vivo,Matheus & Kauan,Matheus & Kauan; Jorge & Mateus,Tem Moda Pra Tudo (Ao Vivo),75,80,13405486,sertanejo; sertanejo universitário; arrocha; agronejo,2019-03-22,3:44,False,https://open.spotify.com/track/5q0NlM6Pm8Pp3orq7zGiRn,spotify:track:5q0NlM6Pm8Pp3orq7zGiRn
Ela - Ao Vivo,Sorriso Maroto,Sorriso Maroto; Ferrugem,Sorriso Eu Gosto No Pagode - Parte 1 (Ao Vivo),75,78,3966518,pagode; samba,2023-09-14,3:16,False,https://open.spotify.com/track/1kWcd9h9HoeXsKaDVhSOtj,spotify:track:1kWcd9h9HoeXsKaDVhSOtj
Échame La Culpa,Luis Fonsi,Luis Fonsi; Demi Lovato,VIDA,75,78,11101544,latin,2019-02-01,2:53,False,https://open.spotify.com/track/0mlAOSILGRys2IbvyOT5VJ,spotify:track:0mlAOSILGRys2IbvyOT5VJ
Morena Jambo - Ao Vivo,Matheus Fernandes,Matheus Fernandes; Felipe Amorim,Morena Jambo / Miau (Ao Vivo),75,70,971331,piseiro; sertanejo; pagode; forró; arrocha,2025-11-27,2:38,True,https://open.spotify.com/track/5RJubPh66tvUWCBoJ1GwEY,spotify:track:5RJubPh66tvUWCBoJ1GwEY
Desbloqueado - Ao Vivo,Diego & Victor Hugo,Diego & Victor Hugo,Equilíbrio (Ao Vivo),75,77,4108199,sertanejo; sertanejo universitário; arrocha; agronejo; piseiro,2021-07-29,3:08,False,https://open.spotify.com/track/79Wou8NwYEFzTyDQudjENF,spotify:track:79Wou8NwYEFzTyDQudjENF
Carmed Chocolate,Pedro Paulo & Alex,Pedro Paulo & Alex; Diego & Victor Hugo,Carmed Chocolate,75,64,2410553,sertanejo; agronejo; sertanejo universitário; arrocha,2025-09-25,2:28,False,https://open.spotify.com/track/5q6p93gOrBy5dRkxOAylJ4,spotify:track:5q6p93gOrBy5dRkxOAylJ4
Opa Cadê Eu - Ao Vivo,Clayton & Romário,Clayton & Romário,Ao Vivo em Brasília (Vol.2),75,73,852384,sertanejo; sertanejo universitário; agronejo; arrocha,2025-02-06,2:34,False,https://open.spotify.com/track/3R8dmcSyROSR73XsdeSd7g,spotify:track:3R8dmcSyROSR73XsdeSd7g
Sexta Feira Hoje Tem,MC Ryan SP,MC Ryan SP; Mc IG; DJ Japa NK; Nilo; Boladin 211; MC LUUKY; Mc Negão Original,Sexta Feira Hoje Tem,74,87,8031441,brazilian funk; funk consciente; trap funk,2025-01-10,6:27,True,https://open.spotify.com/track/7jCgslBhuPF61B6yk90VYb,spotify:track:7jCgslBhuPF61B6yk90VYb
Romântico - Ao Vivo,Henrique & Juliano,Henrique & Juliano,Manifesto Musical 2 (Ao Vivo / Vol.1),74,87,31705085,sertanejo; sertanejo universitário; arrocha; agronejo,2024-12-13,3:03,False,https://open.spotify.com/track/708yXS1fLm1gAXFyIQxtX2,spotify:track:708yXS1fLm1gAXFyIQxtX2
Como É Que A Gente Fica - Ao Vivo,Henrique & Juliano,Henrique & Juliano,Novas Histórias (Ao Vivo),74,87,31705085,sertanejo; sertanejo universitário; arrocha; agronejo,2016-03-18,2:43,False,https://open.spotify.com/track/0zxWyvrKyz031tFfBnkYLr,spotify:track:0zxWyvrKyz031tFfBnkYLr
Meu Amor - Ao Vivo,Henrique & Juliano,Henrique & Juliano,O Céu Explica Tudo (Ao Vivo),74,87,31705085,sertanejo; sertanejo universitário; arrocha; agronejo,2017-07-07,2:54,False,https://open.spotify.com/track/3eHeTsX6W9iIEfn8l2xrWO,spotify:track:3eHeTsX6W9iIEfn8l2xrWO
Tarde Demais / Mágica / Oh! Chuva - Ao Vivo,Grupo Menos É Mais,Grupo Menos É Mais,MOLHO (Ao Vivo),74,86,6923314,pagode; samba,2025-10-16,4:26,False,https://open.spotify.com/track/4SHKz1SM7aikyK9WLAuN1J,spotify:track:4SHKz1SM7aikyK9WLAuN1J
Próximo Tchau,Gusttavo Lima,Gusttavo Lima,Feito À Mão Vol. 01,74,84,23751961,sertanejo; sertanejo universitário; arrocha; agronejo; piseiro; forró,2025-08-13,3:19,False,https://open.spotify.com/track/2MTPvC5feh2N2vZ7lo6IV1,spotify:track:2MTPvC5feh2N2vZ7lo6IV1
SENTA POCA (POSSO ATÉ NÃO TE DAR FLORES),Dj Luan Gomes,Dj Luan Gomes; DJ DAVI DOGDOG; DJ Japa NK; MC Meno K; Teko Bolado,SENTA POCA (POSSO ATÉ NÃO TE DAR FLORES),74,64,102237,brazilian funk; funk de bh,2025-10-20,1:36,True,https://open.spotify.com/track/4JYyktVuU06M2I8sTAVjAw,spotify:track:4JYyktVuU06M2I8sTAVjAw
Pra Sempre Com Você - Ao Vivo,Jorge & Mateus,Jorge & Mateus,Como. Sempre Feito. Nunca (Ao Vivo),74,83,24792451,sertanejo; sertanejo universitário; arrocha; agronejo,2016-02-19,3:27,False,https://open.spotify.com/track/2KGv51jgAz8OTjNPyRryfq,spotify:track:2KGv51jgAz8OTjNPyRryfq
Cantada Boba - Ao Vivo,Jorge & Mateus,Jorge & Mateus,Check-In (Ao Vivo),74,83,24792451,sertanejo; sertanejo universitário; arrocha; agronejo,2024-11-07,3:03,False,https://open.spotify.com/track/2gfn28JSINCJGLrUimmu0l,spotify:track:2gfn28JSINCJGLrUimmu0l
ESCADA DO PRÉDIO,PEDRO SAMPAIO,PEDRO SAMPAIO; Marina Sena,ASTRO,74,80,3246579,brazilian funk; funk pop; funk carioca; brazilian pop; brega funk,2024-09-04,2:17,True,https://open.spotify.com/track/4TnEIYOXZ9KBGHOIqG5Xs5,spotify:track:4TnEIYOXZ9KBGHOIqG5Xs5
Pirocada Quente,MC Jvila,MC Jvila; Mc Negão Original; DJ Dael; DJ Guh Mix,Pirocada Quente,74,77,358131,brazilian funk; trap funk; funk consciente,2025-01-28,3:15,True,https://open.spotify.com/track/2Z1DmmPWD3Lm0dWAxMfjxG,spotify:track:2Z1DmmPWD3Lm0dWAxMfjxG
Vai Cair Água - Ao Vivo,Diego & Arnaldo,Diego & Arnaldo; Zé Neto & Cristiano,RESENHA NATORA (Ao Vivo),74,69,1568926,sertanejo; sertanejo universitário; agronejo,2025-08-21,2:30,False,https://open.spotify.com/track/0qZwqMsGSClyrKzbVbRto9,spotify:track:0qZwqMsGSClyrKzbVbRto9
Largado Às Traças - Ao Vivo,Zé Neto & Cristiano,Zé Neto & Cristiano,Esquece o Mundo Lá Fora (Ao Vivo | Deluxe),74,80,23450864,sertanejo; sertanejo universitário; agronejo; arrocha,2018-07-13,3:54,False,https://open.spotify.com/track/371Up3WP7OqJNFPf0BiyUe,spotify:track:371Up3WP7OqJNFPf0BiyUe
Notificação Preferida - Ao Vivo,Zé Neto & Cristiano,Zé Neto & Cristiano,Esquece o Mundo Lá Fora (Ao Vivo | Deluxe),74,80,23450864,sertanejo; sertanejo universitário; agronejo; arrocha,2018-07-13,3:02,False,https://open.spotify.com/track/3tA0vALUwrzkTgHcm9j6oJ,spotify:track:3tA0vALUwrzkTgHcm9j6oJ
Vou Ter Que Superar - Ao Vivo,Matheus & Kauan,Matheus & Kauan; Marília Mendonça,Tem Moda Pra Tudo (Ao Vivo),74,80,13405486,sertanejo; sertanejo universitário; arrocha; agronejo,2019-03-22,3:09,False,https://open.spotify.com/track/6sRLrSetyIwIKhW1eMlUNP,spotify:track:6sRLrSetyIwIKhW1eMlUNP
TENTAR SER BREVE 🤷🏾‍♀️,KayBlack,KayBlack; Vulgo FK; Veigh; Murillo e LT no Beat; Fepache; Galdino; H4lfmeasures; Honaiser,FKAY,74,76,4377889,brazilian trap; trap funk; trap; brazilian hip hop,2025-11-25,3:43,False,https://open.spotify.com/track/5wTHqpJDnoGW562HQW1BmC,spotify:track:5wTHqpJDnoGW562HQW1BmC
Artista Genérico,Veigh,Veigh; Supernova Ent,Eu Venci o Mundo,74,79,6789613,brazilian trap; trap funk; trap; brazilian hip hop,2025-06-26,2:30,True,https://open.spotify.com/track/7yRlmQTjZ5pdtlq7ska9mj,spotify:track:7yRlmQTjZ5pdtlq7ska9mj
Última Noite,NATTAN,NATTAN; Léo Foguete,Estilo Nattanzinho (Ao Vivo em São Paulo),74,78,3963501,piseiro; forró; sertanejo; arrocha; brega; seresta,2024-08-07,2:37,True,https://open.spotify.com/track/6Ap9SM1WkmI4b4Mo2Cpa6f,spotify:track:6Ap9SM1WkmI4b4Mo2Cpa6f
Tô na Moda,Jennifer e Stephany,Jennifer e Stephany; CountryBeat,Tô na Moda,74,58,32861,agronejo; sertanejo; sertanejo universitário,2025-10-16,2:31,False,https://open.spotify.com/track/1BUcr5Z79eTuY5V9VIlXGD,spotify:track:1BUcr5Z79eTuY5V9VIlXGD
Caos De Alguém - Ao Vivo,Felipe e Rodrigo,Felipe e Rodrigo,Nossa Cara (Ao Vivo),74,76,612277,sertanejo; sertanejo universitário; agronejo,2025-08-29,2:34,False,https://open.spotify.com/track/6zxthXT7GUBX83vRmQiN3x,spotify:track:6zxthXT7GUBX83vRmQiN3x
Melhor Me Bloquear - Ao Vivo,Felipe e Rodrigo,Felipe e Rodrigo,Questão De Tempo (Ao Vivo),74,76,612277,sertanejo; sertanejo universitário; agronejo,2024-10-11,3:11,False,https://open.spotify.com/track/2ThEetsRrVOEoCNpoFVDjM,spotify:track:2ThEetsRrVOEoCNpoFVDjM
Nada Nada,Jmilton,Jmilton; Mc Jhey,Nada Nada,74,76,400735,phonk; brazilian phonk; funk,2025-06-13,1:29,True,https://open.spotify.com/track/75xD7ri6lKNL19Fno7nmKQ,spotify:track:75xD7ri6lKNL19Fno7nmKQ
Nos Bares da Cidade / Sem Direção - Ao Vivo,Panda,Panda; MJ Records,"Panda Sem Moderação, Vol. 1 (Ao Vivo)",73,85,442396,sertanejo; sertanejo universitário,2024-10-10,3:54,False,https://open.spotify.com/track/76qXdJtgMsCccgwbbLsy5v,spotify:track:76qXdJtgMsCccgwbbLsy5v
Comedinha Ficou Bravo,DJ Japa NK,DJ Japa NK; Mc Negão Original; MC Meno K,É o Japa Nk Né Bebê,73,84,551550,brazilian funk; trap funk; funk consciente,2024-12-05,2:32,True,https://open.spotify.com/track/06n87WQroP5WFD4aR45T8X,spotify:track:06n87WQroP5WFD4aR45T8X
Sei Que Tu Me Odeia,Anitta,Anitta; Mc Danny; HITMAKER,Ensaios Da Anitta,73,83,13305693,brazilian pop; funk pop; brazilian funk; funk carioca,2024-12-06,2:40,False,https://open.spotify.com/track/77HhVmRv7IxDqkyMxElSrK,spotify:track:77HhVmRv7IxDqkyMxElSrK
Os Anjos Cantam,Jorge & Mateus,Jorge & Mateus,Os Anjos Cantam,73,83,24792451,sertanejo; sertanejo universitário; arrocha; agronejo,2015-03-23,3:17,False,https://open.spotify.com/track/6ccKu0LwJzOhLAxBwP2PTk,spotify:track:6ccKu0LwJzOhLAxBwP2PTk
Ninguém Pode Saber,CountryBeat,CountryBeat; Ana Castela,Ninguém Pode Saber,73,76,317234,agronejo; sertanejo; sertanejo universitário,2025-10-22,2:34,False,https://open.spotify.com/track/5foViOTHRbErvRNf3VQ3rs,spotify:track:5foViOTHRbErvRNf3VQ3rs
Uma e Quinze da Manhã,Natanzinho Lima,Natanzinho Lima,De Bar em Bar 4.0,73,82,2408000,arrocha; seresta; forró; brega; piseiro; sertanejo,2024-03-06,2:44,False,https://open.spotify.com/track/7fdAc48FnW2P7LGuTMajcn,spotify:track:7fdAc48FnW2P7LGuTMajcn
Me Apaixonei Nessa Morena,Natanzinho Lima,Natanzinho Lima; Mc Tato; Gabb MC,Me Apaixonei Nessa Morena,73,82,2408000,arrocha; seresta; forró; brega; piseiro; sertanejo,2025-03-13,2:51,False,https://open.spotify.com/track/7xcDd2JxnJtO87QQr8uY0O,spotify:track:7xcDd2JxnJtO87QQr8uY0O
Oh Garota Eu Quero Você Só Pra Mim.,Oruam,Oruam; Zé Felipe; MC Tuto; Dj Lc da Roça; Mc Rodrigo do CN; MC K9; mc pl alves,Oh Garota Eu Quero Você Só Pra Mim.,73,77,4984774,trap funk; brazilian trap; trap; brazilian funk,2024-12-17,2:46,True,https://open.spotify.com/track/0BUkQGUXgcvf3gdCWYbtnJ,spotify:track:0BUkQGUXgcvf3gdCWYbtnJ
Meu Carro nao tem Porta Luva - Remastered 2024,DJ NATAN 22,DJ NATAN 22; Mc Rodrigo do CN,Meu Carro nao tem Porta Luva (Remastered 2024),73,56,27627,brazilian funk,2024-11-12,2:39,True,https://open.spotify.com/track/0vYrfm0eUQyi6fWbYnBiDc,spotify:track:0vYrfm0eUQyi6fWbYnBiDc
Veneno - Ao Vivo,Murilo Huff,Murilo Huff; Zé Neto & Cristiano,"Acústico, Vol.2 (Ao Vivo)",73,78,2682206,sertanejo; sertanejo universitário; arrocha; agronejo,2025-05-29,2:58,False,https://open.spotify.com/track/2QUl20UtEsH85livMYnbQr,spotify:track:2QUl20UtEsH85livMYnbQr
Barulho Do Foguete - Ao Vivo,Zé Neto & Cristiano,Zé Neto & Cristiano,"Escolhas, Vol. 2 (Ao Vivo)",73,80,23450864,sertanejo; sertanejo universitário; agronejo; arrocha,2023-06-22,2:13,False,https://open.spotify.com/track/42JNab8NPeCADJ9D3Cl5wS,spotify:track:42JNab8NPeCADJ9D3Cl5wS
Que Sorte A Nossa - Ao Vivo,Matheus & Kauan,Matheus & Kauan,Face A Face (Live),73,80,13405486,sertanejo; sertanejo universitário; arrocha; agronejo,2015-08-14,3:08,False,https://open.spotify.com/track/44pllb9f5QwcrD2kKc0gS0,spotify:track:44pllb9f5QwcrD2kKc0gS0
Cronômetro - Ao Vivo,Matheus & Kauan,Matheus & Kauan,Praiou (Ao Vivo / Vol.3),73,80,13405486,sertanejo; sertanejo universitário; arrocha; agronejo,2024-07-05,2:45,False,https://open.spotify.com/track/7pkpWcko6KEZANj0xKsCsu,spotify:track:7pkpWcko6KEZANj0xKsCsu
Barbie,MC Tuto,MC Tuto; DJ Glenner,Barbie,73,79,2537927,brazilian funk; funk consciente; trap funk,2024-10-18,3:12,False,https://open.spotify.com/track/6s1kzj4EbhFLXbuAGJbhbn,spotify:track:6s1kzj4EbhFLXbuAGJbhbn
Amor Traumatizado,Felipe Amorim,Felipe Amorim; Carol Biazin,RomantiDog (Deluxe),73,77,3415280,piseiro; forró; arrocha; sertanejo; agronejo; brega,2025-07-11,2:47,False,https://open.spotify.com/track/5dcOxj5o672WzZCc7OOUkX,spotify:track:5dcOxj5o672WzZCc7OOUkX
Pantera,MC Jvila,MC Jvila; G.A; Nagalli; Toledo; Honaiser,Pantera,73,77,358131,brazilian funk; trap funk; funk consciente,2025-09-10,3:11,False,https://open.spotify.com/track/6xgf2Nigvj0JuyNFFDAG7t,spotify:track:6xgf2Nigvj0JuyNFFDAG7t
AMOR BANDIDO,J. Eskine,J. Eskine; Alef Donk; Oruam,NEM SÓ DE MALUQUICE VIVE O HOMEM,73,68,577665,arrocha; piseiro; seresta; forró; brega,2025-06-27,3:14,True,https://open.spotify.com/track/73SqSkZt2yseVL513HyMgA,spotify:track:73SqSkZt2yseVL513HyMgA
O Alvo (feat. Henrique & Juliano) - Ao Vivo,Diego & Victor Hugo,Diego & Victor Hugo; Henrique & Juliano,Sem Contra-Indicação (Ao Vivo) [Deluxe],73,77,4108199,sertanejo; sertanejo universitário; arrocha; agronejo; piseiro,2018-07-13,2:44,False,https://open.spotify.com/track/4HQByPPgZOGbzvgJFZX61K,spotify:track:4HQByPPgZOGbzvgJFZX61K
Mentirosa - Ao Vivo,Hugo & Guilherme,Hugo & Guilherme; Wesley Safadão,Mentirosa (Ao Vivo),73,77,3493827,sertanejo; sertanejo universitário; agronejo; arrocha,2024-12-19,2:45,False,https://open.spotify.com/track/7pBPXkaVQaP3Y3Wwfkpvbn,spotify:track:7pBPXkaVQaP3Y3Wwfkpvbn
Gerente da Sicredi,Bruno & Barretto,Bruno & Barretto; CountryBeat,Gerente da Sicredi,73,65,2923263,sertanejo; agronejo; sertanejo universitário,2025-04-10,2:19,False,https://open.spotify.com/track/1daiWH5HMrDH9I8r3LIhqb,spotify:track:1daiWH5HMrDH9I8r3LIhqb
Lancinho - Ao Vivo,Turma do Pagode,Turma do Pagode,O Som das Multidões (Ao Vivo) [Deluxe],73,75,4060880,pagode; samba,2012-07-09,3:47,False,https://open.spotify.com/track/6CeeLpwJUYA4b0xL7eSvzn,spotify:track:6CeeLpwJUYA4b0xL7eSvzn
Predador de Perereca,BLOW RECORDS,BLOW RECORDS; Mc Jhey,Predador de Perereca,73,58,109676,,2025-07-05,3:06,True,https://open.spotify.com/track/6yDC6vwDgJ47HMhUFaQQ3v,spotify:track:6yDC6vwDgJ47HMhUFaQQ3v
Descer Pra BC,Brenno & Matheus,Brenno & Matheus; DJ Ari SL,Descer Pra BC,73,71,429898,agronejo; sertanejo; sertanejo universitário; piseiro,2024-11-15,2:46,False,https://open.spotify.com/track/6RzcNTnS02dnqoQMdTkQwi,spotify:track:6RzcNTnS02dnqoQMdTkQwi
365 Dias (Vida Mansa),MC Marks,MC Marks; MC Ryan SP; MC Jvila; MC Bruno MS; Mc Magal; Aaron Modesto; DJ Dael; MC LUUKY,365 Dias (Vida Mansa),72,74,2404414,funk consciente; brazilian funk; trap funk,2024-09-27,8:47,False,https://open.spotify.com/track/2drZGdAOxfE2KoMGTkidmq,spotify:track:2drZGdAOxfE2KoMGTkidmq
ACENDE UM ISQUEIRO,Lu & Rayane,Lu & Rayane; Panda,ACENDE UM ISQUEIRO,72,57,14745,sertanejo; sertanejo universitário,2025-09-12,2:35,False,https://open.spotify.com/track/1PJ1xV4UHTAOlwd1fC1NOG,spotify:track:1PJ1xV4UHTAOlwd1fC1NOG
Sequência da Botação,DJ Ryder,DJ Ryder; Dj Dudu Coupper; Mc Gw,Sequência da Botação,72,57,13177,agronejo; brazilian funk,2025-03-21,2:25,False,https://open.spotify.com/track/6XX6DTK8eugxgZqmlwcvkG,spotify:track:6XX6DTK8eugxgZqmlwcvkG
Teu Preferido,DJ BRIZY,DJ BRIZY; Mc Rodrigo do CN; FreesTyle Sounds,Teu Preferido,72,56,6991,brazilian funk,2025-05-16,2:16,True,https://open.spotify.com/track/58d1Gf3p4FWKNnGuq00wXT,spotify:track:58d1Gf3p4FWKNnGuq00wXT
A Danada Me Ligando,MC Cebezinho,MC Cebezinho; DJ Oreia; MC Tuto; Love Funk; Kako,A Danada Me Ligando,72,75,2012962,brazilian funk; funk consciente; trap funk,2024-08-23,4:43,True,https://open.spotify.com/track/3H7eBmcTJyuEMStfmKuLmG,spotify:track:3H7eBmcTJyuEMStfmKuLmG
Imagina esse Cenário,Matuê,Matuê; Veigh,333,72,81,14456391,brazilian trap; trap; brazilian hip hop; trap funk,2024-09-09,2:35,True,https://open.spotify.com/track/2fjqfFUq64thFsqfKN01kS,spotify:track:2fjqfFUq64thFsqfKN01kS
Champagne,Orochi,Orochi; PL Quest; BIN; Kizzy; Mainstreet,Lobo,72,77,9096757,brazilian trap; brazilian hip hop; trap funk; trap,2021-04-29,4:05,True,https://open.spotify.com/track/5XhG8HGyxLrkJAASxLA463,spotify:track:5XhG8HGyxLrkJAASxLA463
Agora / Um Sonho Louco / Não Posso Ter Medo de Amar - Ao Vivo,Panda,Panda; Ícaro e Gilmar; Fred & Fabrício,"Panda Sem Moderação, Vol. 1 (Ao Vivo)",71,85,442396,sertanejo; sertanejo universitário,2024-10-10,6:22,False,https://open.spotify.com/track/1QibZsBeNPlYjTyc2zmInb,spotify:track:1QibZsBeNPlYjTyc2zmInb
A Grama do Vizinho - Ao Vivo,Bruno Rosa,Bruno Rosa; Jorge & Mateus,"Evolução, Vol. 1 (Ao Vivo)",71,60,134456,sertanejo; sertanejo universitário,2025-06-26,3:00,False,https://open.spotify.com/track/4gBLQeJrre7DklMZIaPXPd,spotify:track:4gBLQeJrre7DklMZIaPXPd
Enquanto Houver Razões - Ao Vivo,Jorge & Mateus,Jorge & Mateus,A Hora É Agora (Ao Vivo Em Jurerê),71,83,24792451,sertanejo; sertanejo universitário; arrocha; agronejo,2012-10-15,3:11,False,https://open.spotify.com/track/5XrvlJDg5VDxf8ezkBjUKy,spotify:track:5XrvlJDg5VDxf8ezkBjUKy
3 Dias Virado,Mc IG,Mc IG,Só Explosão,71,82,12013282,brazilian funk; trap funk; funk consciente,2017-12-22,3:27,True,https://open.spotify.com/track/7DROtyR6IMNifyZmyksyE7,spotify:track:7DROtyR6IMNifyZmyksyE7
City Boys,Burna Boy,Burna Boy,I Told Them...,71,82,15149163,afrobeats; afrobeat; afropop; afroswing; dancehall; afropiano,2023-08-24,2:33,True,https://open.spotify.com/track/4RoKNqyZ9622tcAeNPNv5k,spotify:track:4RoKNqyZ9622tcAeNPNv5k
Coração Partido / Depois do Prazer / Cheia de Manias - Ao Vivo,Panda,Panda; Ícaro e Gilmar; Humberto & Ronaldo; MJ Records,Cê Tá Doido (Ribeirão Preto) [Ao Vivo],71,85,442396,sertanejo; sertanejo universitário,2025-06-03,6:38,False,https://open.spotify.com/track/5BOcmHCBRF3nlZR2BK32lY,spotify:track:5BOcmHCBRF3nlZR2BK32lY
SEQUÊNCIA CARAMELO,PEDRO SAMPAIO,PEDRO SAMPAIO; Mc Th; MC Nito,SEQUÊNCIAS #1,71,80,3246579,brazilian funk; funk pop; funk carioca; brazilian pop; brega funk,2025-11-18,1:43,True,https://open.spotify.com/track/4GHq9Xla9KO6SWo7a8uvNw,spotify:track:4GHq9Xla9KO6SWo7a8uvNw
Olha pra Cara de Quem Te...,MC LUUKY,MC LUUKY; MC Jvila; DJ Dael,Olha pra Cara de Quem Te...,71,80,1749225,brazilian funk; trap funk; funk consciente,2025-03-06,2:00,True,https://open.spotify.com/track/1VpOT1TfTivUmFjSGSRt1U,spotify:track:1VpOT1TfTivUmFjSGSRt1U
Me Amar Amanhã - Na Praia / Ao Vivo,Matheus & Kauan,Matheus & Kauan,Na Praia (Ao Vivo),71,80,13405486,sertanejo; sertanejo universitário; arrocha; agronejo,2016-02-26,2:46,False,https://open.spotify.com/track/0vXKKHxzwndf65d8E10oND,spotify:track:0vXKKHxzwndf65d8E10oND
Nessas Horas - Ao Vivo,Matheus & Kauan,Matheus & Kauan,Na Praia 2 (Ao Vivo),71,80,13405486,sertanejo; sertanejo universitário; arrocha; agronejo,2017-03-10,3:28,False,https://open.spotify.com/track/1MnUXXQEuzlJFNF5xMH1XQ,spotify:track:1MnUXXQEuzlJFNF5xMH1XQ
Amor No Escuro - Ao Vivo,Simone Mendes,Simone Mendes,Cantando Sua História 2 (Ao Vivo),71,79,3988625,sertanejo; sertanejo universitário; pagode; forró; piseiro,2025-12-11,2:54,False,https://open.spotify.com/track/091mho5ny7E3hAcZeXX24n,spotify:track:091mho5ny7E3hAcZeXX24n
Novo Balanço,Veigh,Veigh; Bvga Beatz; Prod Malax; Supernova Ent,Dos Prédios Deluxe,71,79,6789613,brazilian trap; trap funk; trap; brazilian hip hop,2023-05-19,2:20,True,https://open.spotify.com/track/4hKLzFvNwHF6dPosGT30ed,spotify:track:4hKLzFvNwHF6dPosGT30ed
Despacito - Remix,Luis Fonsi,Luis Fonsi; Daddy Yankee; Justin Bieber,VIDA,71,78,11101544,latin,2019-02-01,3:50,False,https://open.spotify.com/track/1vnnXMrBeEWiRg3YCMCjQq,spotify:track:1vnnXMrBeEWiRg3YCMCjQq
El Ultimo Adiós - Varios Artistas Version,Ricky Martin,Ricky Martin; Alejandro Sanz; Thalia; Juan Luis Guerra 4.40; Gloria Estefan; Celia Cruz; Olga Tañón; Ricardo Montaner; Ana Gabriel; Jorge Hernández; Los Tigres Del Norte; Alicia Villarreal; Alejandro Fernández; Carlos Vives; Jaci Velasquez; Marco Antonio Solís; José José; Lucía Méndez; Jennifer Lopez; Emmanuel,El Ultimo Adiós,71,75,8169456,latin pop; latin,2001-11-21,3:57,False,https://open.spotify.com/track/0tzixmHNQfE6S6SirSToxW,spotify:track:0tzixmHNQfE6S6SirSToxW
Medley Muído de Vaquejada - Desce do Cavalo / Balada do Vaqueiro / Monta Logo Vai / Calma / Senta No Fazendeiro / Deixa Ela Montar Na Minha Garupa / Botadão Do GW,Felipe Amorim,Felipe Amorim; Xand Avião; Zé Vaqueiro; Talita Mel; Mc Lekão,Medley Muído de Vaquejada - Desce do Cavalo / Balada do Vaqueiro / Monta Logo Vai / Calma / Senta No Fazendeiro / Deixa Ela Montar Na Minha Garupa / Botadão Do GW,71,77,3415280,piseiro; forró; arrocha; sertanejo; agronejo; brega,2025-08-20,6:02,True,https://open.spotify.com/track/7pzD7EudQxP4EhT5UeQjc7,spotify:track:7pzD7EudQxP4EhT5UeQjc7
Horas Iguais,WIU,WIU; Oruam,Horas Iguais,71,73,3651656,brazilian trap; trap; trap funk; brazilian hip hop,2022-10-05,4:06,False,https://open.spotify.com/track/4m8kG46clzxMxyrDuFo1Uq,spotify:track:4m8kG46clzxMxyrDuFo1Uq
Áudio - Ao Vivo em Brasília,Diego & Victor Hugo,Diego & Victor Hugo,Diego & Victor Hugo Ao Vivo em Brasília,71,77,4108199,sertanejo; sertanejo universitário; arrocha; agronejo; piseiro,2019-07-12,3:10,False,https://open.spotify.com/track/4v6SAnzwEr7s2m0gFQnJFJ,spotify:track:4v6SAnzwEr7s2m0gFQnJFJ
Gosta De Rua - Ao Vivo,Felipe e Rodrigo,Felipe e Rodrigo,Questão de Tempo (Ao Vivo / Parte 1),71,76,612277,sertanejo; sertanejo universitário; agronejo,2024-05-03,2:51,False,https://open.spotify.com/track/4VNRWHoiKHZJIoQHPbmJIv,spotify:track:4VNRWHoiKHZJIoQHPbmJIv
Castigo / Mil Anos - Ao Vivo,Panda,Panda; MJ Records,"Panda Sem Moderação, Vol. 1 (Ao Vivo)",70,85,442396,sertanejo; sertanejo universitário,2024-10-10,3:28,False,https://open.spotify.com/track/254Sv2uAWk5uwo0iJm5mIJ,spotify:track:254Sv2uAWk5uwo0iJm5mIJ
Frente a Frente / Só Pensando em Você - Ao Vivo,Panda,Panda; MJ Records,"Panda Sem Moderação, Vol. 1 (Ao Vivo)",70,85,442396,sertanejo; sertanejo universitário,2024-10-10,4:23,False,https://open.spotify.com/track/2VGeeK68iBt3pwmfjLizfz,spotify:track:2VGeeK68iBt3pwmfjLizfz
Chapa do Chatão,Mc Lele JP,Mc Lele JP; Mc IG; MC Ryan SP; DJ Hyago; MC LUUKY; MC Cebezinho,Chatão,70,83,1422008,brazilian funk; funk consciente; trap funk,2025-08-07,5:54,False,https://open.spotify.com/track/4naVjjeDSCcPj2RDbXBRku,spotify:track:4naVjjeDSCcPj2RDbXBRku
Saca da Twin,Mc Lele JP,Mc Lele JP; Dj GM; MC Tuto; Gudy,Saca da Twin,70,83,1422008,brazilian funk; funk consciente; trap funk,2025-02-28,3:58,False,https://open.spotify.com/track/6SCqMl5aQcHQnMspvyddNk,spotify:track:6SCqMl5aQcHQnMspvyddNk
Pilantra e Meio,Eric Land,Eric Land; Natanzinho Lima,Ao Vivo em São Paulo,70,65,1283140,piseiro; forró; arrocha; sertanejo; brega; seresta,2025-01-24,3:08,False,https://open.spotify.com/track/6h3EEYgtIuOjeqQPIC3H37,spotify:track:6h3EEYgtIuOjeqQPIC3H37
Feliz no Simples 🍀,Mc IG,Mc IG; MC Ryan SP; DJ Glenner; MC PH; DJ Hyago,Feliz no Simples 🍀,70,82,12013282,brazilian funk; trap funk; funk consciente,2025-05-13,3:53,False,https://open.spotify.com/track/11Pyzl3LTwpM9yVIDdwK68,spotify:track:11Pyzl3LTwpM9yVIDdwK68
Contagem Regressiva,Mc IG,Mc IG; Mc Negão Original; MC Ryan SP; MC Jvila; DJ Guh Mix; Mc Lele JP; Murillo e LT no Beat,Contagem Regressiva,70,82,12013282,brazilian funk; trap funk; funk consciente,2025-03-24,4:48,True,https://open.spotify.com/track/06VStvBWfFbepR97LhRo8D,spotify:track:06VStvBWfFbepR97LhRo8D
Let's Go 4,Dj GBR,Dj GBR; Mc IG; MC Ryan SP; MC PH; Mc Davi; Mc Luki; Mc Don Juan; Mc Kadu; TrapLaudo; MC GP; MC GH do 7,Let's Go 4,70,62,1440722,brazilian funk; trap funk,2023-08-29,10:41,True,https://open.spotify.com/track/2InS5VWKJQbsFBKOsf1cJB,spotify:track:2InS5VWKJQbsFBKOsf1cJB
Last Last,Burna Boy,Burna Boy,"Love, Damini",70,82,15149163,afrobeats; afrobeat; afropop; afroswing; dancehall; afropiano,2022-07-06,2:52,False,https://open.spotify.com/track/57DarSfRMIVRCeDBGW0l5S,spotify:track:57DarSfRMIVRCeDBGW0l5S
On the Low,Burna Boy,Burna Boy,African Giant,70,82,15149163,afrobeats; afrobeat; afropop; afroswing; dancehall; afropiano,2019-07-24,3:05,False,https://open.spotify.com/track/1zIk8RJEKGvoH4FioFnGyJ,spotify:track:1zIk8RJEKGvoH4FioFnGyJ
Amantes da Foda,Mc Rodrigo do CN,Mc Rodrigo do CN; DJ JOAO DA INESTAN,Amantes da Foda,70,81,336835,brazilian funk; funk de bh; funk carioca,2022-03-25,1:21,True,https://open.spotify.com/track/4DhDNNhIDdduS6nZMbSMbs,spotify:track:4DhDNNhIDdduS6nZMbSMbs
Reinventar / Guerra Fria - Ao Vivo,Panda,Panda; Ícaro e Gilmar; Humberto & Ronaldo; MJ Records,Cê Tá Doido (Santa Fé do Sul) [Ao Vivo],70,85,442396,sertanejo; sertanejo universitário,2025-06-03,4:33,False,https://open.spotify.com/track/1EX1mqUs9rm2CLXMV7ETjw,spotify:track:1EX1mqUs9rm2CLXMV7ETjw
Set Dj Gm 6.0,Dj GM,Dj GM; Mc Paiva ZS; Triz; MC Paulin da Capital; Mc Lipi; Mc Lele JP; MC Ryan SP; Gabb MC; Mc Daniel; MC Cebezinho; MC GH do 7; MC Marks; Mc Negão Original; GREGO,Set Dj Gm 6.0,70,71,872526,funk consciente; brazilian funk; trap funk,2023-12-22,10:24,False,https://open.spotify.com/track/4WXVqLSRHF4ypdiBngbcqU,spotify:track:4WXVqLSRHF4ypdiBngbcqU
Pulando o Muro - Ao Vivo,Zé Neto & Cristiano,Zé Neto & Cristiano,"Intenso, Vol. 3 (Ao Vivo)",70,80,23450864,sertanejo; sertanejo universitário; agronejo; arrocha,2024-08-29,2:32,False,https://open.spotify.com/track/0KDxhAvKeiVFL1bZccQVJs,spotify:track:0KDxhAvKeiVFL1bZccQVJs
Bebida Na Ferida - Ao Vivo,Zé Neto & Cristiano,Zé Neto & Cristiano,Esquece o Mundo Lá Fora (Ao Vivo | Deluxe),70,80,23450864,sertanejo; sertanejo universitário; agronejo; arrocha,2018-07-13,3:19,False,https://open.spotify.com/track/50YbE5MrvSu8Fz6A2dgTZ8,spotify:track:50YbE5MrvSu8Fz6A2dgTZ8
Decide Aí - Na Praia / Ao Vivo,Matheus & Kauan,Matheus & Kauan,Na Praia (Ao Vivo),70,80,13405486,sertanejo; sertanejo universitário; arrocha; agronejo,2016-02-26,2:42,False,https://open.spotify.com/track/2CKg2u26mtyRYodwbxmA8l,spotify:track:2CKg2u26mtyRYodwbxmA8l
Saudade Proibida - Ao Vivo,Simone Mendes,Simone Mendes,Cantando Sua História 2 (Ao Vivo),70,79,3988625,sertanejo; sertanejo universitário; pagode; forró; piseiro,2025-12-11,2:40,False,https://open.spotify.com/track/3lKOC96UdjCG47HZDJVyih,spotify:track:3lKOC96UdjCG47HZDJVyih
Erro Gostoso - Ao Vivo,Simone Mendes,Simone Mendes,Cintilante (Ao Vivo / Vol.2),70,79,3988625,sertanejo; sertanejo universitário; pagode; forró; piseiro,2023-10-20,2:58,False,https://open.spotify.com/track/6vq7r1Pqd3pyI07u63cPZV,spotify:track:6vq7r1Pqd3pyI07u63cPZV
Senta Poca,MC Meno K,MC Meno K; Kadu Martins; DJ Japa NK; DJ DAVI DOGDOG,Senta Poca,70,87,606411,brazilian funk; funk carioca; trap funk,2025-10-21,3:39,True,https://open.spotify.com/track/34qZBae134zVLUgZUeYHIc,spotify:track:34qZBae134zVLUgZUeYHIc
2025,MC Tuto,MC Tuto; DJ Oreia,2025,70,79,2537927,brazilian funk; funk consciente; trap funk,2024-12-16,2:52,False,https://open.spotify.com/track/0UGGLKM970ymsBBN5TKjsD,spotify:track:0UGGLKM970ymsBBN5TKjsD
Engana Dizendo Que Ama,Veigh,Veigh; Tz da Coronel; Toledo; Nagalli; Bvga Beatz; Supernova Ent,Dos Prédios Deluxe,70,79,6789613,brazilian trap; trap funk; trap; brazilian hip hop,2023-05-19,3:08,True,https://open.spotify.com/track/39xOREhViooEYFpmnKTdrl,spotify:track:39xOREhViooEYFpmnKTdrl
CONFISSÕES PT2,Nagalli,Nagalli; KayBlack; Veigh; Supernova Ent,MAGIC SHOW,70,72,510203,brazilian trap; trap; trap funk; brazilian hip hop,2024-04-25,2:25,True,https://open.spotify.com/track/0Q1ySdDoHDiotYn4nbMXNm,spotify:track:0Q1ySdDoHDiotYn4nbMXNm
No Me Doy Por Vencido,Luis Fonsi,Luis Fonsi,Palabras Del Silencio (Edición Aniversario - Un Año Despues),70,78,11101544,latin,2008,3:59,False,https://open.spotify.com/track/4lerOTNr2tFWJCAmmhymhi,spotify:track:4lerOTNr2tFWJCAmmhymhi
CAMBIARÉ,Luis Fonsi,Luis Fonsi; Feid,CAMBIARÉ,70,78,11101544,latin,2026-01-21,3:01,False,https://open.spotify.com/track/0DHkA97Q6SWz7uanmsCy8u,spotify:track:0DHkA97Q6SWz7uanmsCy8u
Mistérios,KayBlack,KayBlack; Murillo e LT no Beat,Mistérios,70,76,4377889,brazilian trap; trap funk; trap; brazilian hip hop,2024-07-16,2:16,False,https://open.spotify.com/track/1K14aw84e0i5IHFHkq7aNn,spotify:track:1K14aw84e0i5IHFHkq7aNn
Maturidade,KayBlack,KayBlack; Wall Hein; AMUSIK,Maturidade,70,76,4377889,brazilian trap; trap funk; trap; brazilian hip hop,2022-09-08,2:22,True,https://open.spotify.com/track/5RHOhXxMVhpEaBcG6hIydA,spotify:track:5RHOhXxMVhpEaBcG6hIydA
