persona,track_name,primary_artist_name,all_artists,album_name,track_popularity,artist_popularity,artist_followers,artist_genres,album_release_date,duration_readable,is_explicit,track_url,track_uri
beatriz,Última Saudade - Ao Vivo,Henrique & Juliano,Henrique & Juliano,Manifesto Musical 2 (Ao Vivo / Vol.1),79,89,29510223,sertanejo; sertanejo universitário; arrocha; agronejo,2024-12-13,2:30,False,https://open.spotify.com/track/4y93vvzu2h8MITw7YyUTcI,spotify:track:4y93vvzu2h8MITw7YyUTcI
beatriz,Saudade De Quem Eu Sou - Ao Vivo,Henrique & Juliano,Henrique & Juliano,Manifesto Musical 2 (Ao Vivo),79,89,29510223,sertanejo; sertanejo universitário; arrocha; agronejo,2025-06-27,2:33,False,https://open.spotify.com/track/7tesyGMnAFNI0l2xaxcFKi,spotify:track:7tesyGMnAFNI0l2xaxcFKi
beatriz,Seja Ex - Ao Vivo,Henrique & Juliano,Henrique & Juliano,Manifesto Musical 2 (Ao Vivo / Vol.1),78,89,29510223,sertanejo; sertanejo universitário; arrocha; agronejo,2024-12-13,3:12,False,https://open.spotify.com/track/5k7JSycp97vL45zSOoUsTE,spotify:track:5k7JSycp97vL45zSOoUsTE
beatriz,Amigo Da Minha Saudade - Ao Vivo,Henrique & Juliano,Henrique & Juliano,Manifesto Musical 2 (Ao Vivo / Vol.1),80,89,29510223,sertanejo; sertanejo universitário; arrocha; agronejo,2024-12-13,2:30,False,https://open.spotify.com/track/07kLShG3HTeLXTqnFCqNAJ,spotify:track:07kLShG3HTeLXTqnFCqNAJ
beatriz,Romântico - Ao Vivo,Henrique & Juliano,Henrique & Juliano,Manifesto Musical 2 (Ao Vivo / Vol.1),76,89,29510223,sertanejo; sertanejo universitário; arrocha; agronejo,2024-12-13,3:03,False,https://open.spotify.com/track/708yXS1fLm1gAXFyIQxtX2,spotify:track:708yXS1fLm1gAXFyIQxtX2
beatriz,De Trás Pra Frente - Ao Vivo,Henrique & Juliano,Henrique & Juliano,O Céu Explica Tudo (Ao Vivo),76,89,29510223,sertanejo; sertanejo universitário; arrocha; agronejo,2017-07-07,2:43,False,https://open.spotify.com/track/6Tp4LCJ5r5IJaEf8lnlPfG,spotify:track:6Tp4LCJ5r5IJaEf8lnlPfG
beatriz,Aquela Pessoa - Ao Vivo,Henrique & Juliano,Henrique & Juliano,O Céu Explica Tudo (Ao Vivo),76,89,29510223,sertanejo; sertanejo universitário; arrocha; agronejo,2017-07-07,2:46,False,https://open.spotify.com/track/5asabafNzfAzjUecDvuNES,spotify:track:5asabafNzfAzjUecDvuNES
beatriz,Como É Que A Gente Fica - Ao Vivo,Henrique & Juliano,Henrique & Juliano,Novas Histórias (Ao Vivo),74,89,29510223,sertanejo; sertanejo universitário; arrocha; agronejo,2016-03-18,2:43,False,https://open.spotify.com/track/0zxWyvrKyz031tFfBnkYLr,spotify:track:0zxWyvrKyz031tFfBnkYLr
beatriz,Meu Amor - Ao Vivo,Henrique & Juliano,Henrique & Juliano,O Céu Explica Tudo (Ao Vivo),75,89,29510223,sertanejo; sertanejo universitário; arrocha; agronejo,2017-07-07,2:54,False,https://open.spotify.com/track/3eHeTsX6W9iIEfn8l2xrWO,spotify:track:3eHeTsX6W9iIEfn8l2xrWO
beatriz,Briga Feia - Ao Vivo,Henrique & Juliano,Henrique & Juliano,Ao Vivo No Ibirapuera,75,89,29510223,sertanejo; sertanejo universitário; arrocha; agronejo,2020-05-15,3:14,False,https://open.spotify.com/track/7bukHRNgGLRySTJEVvLoIR,spotify:track:7bukHRNgGLRySTJEVvLoIR
beatriz,P do Pecado - Ao Vivo,Grupo Menos É Mais,Grupo Menos É Mais; Simone Mendes,P do Pecado (Ao Vivo),86,87,5759303,pagode; samba,2025-04-29,3:12,False,https://open.spotify.com/track/7EknynLJTt9YMm1HL37s5D,spotify:track:7EknynLJTt9YMm1HL37s5D
beatriz,Pela Última Vez - Ao Vivo,Grupo Menos É Mais,Grupo Menos É Mais; NATTAN,Pela Última Vez (Ao Vivo),82,87,5759303,pagode; samba,2025-08-20,2:42,False,https://open.spotify.com/track/4bxyHku6rNffRealVxu30p,spotify:track:4bxyHku6rNffRealVxu30p
beatriz,Coração Partido (Corazón Partío) - Ao Vivo,Grupo Menos É Mais,Grupo Menos É Mais,Coração Partido (Corazón Partío) [Ao Vivo],77,87,5759303,pagode; samba,2024-08-29,3:15,False,https://open.spotify.com/track/1YlfGwNizEKy299l1PVggn,spotify:track:1YlfGwNizEKy299l1PVggn
beatriz,Grau de Maluca - Ao Vivo,Guilherme & Benuto,Guilherme & Benuto; Grupo Menos É Mais; Matheus Fernandes,"+ Amor, + Música Vol. 3 (Ao Vivo)",80,74,2011647,sertanejo; sertanejo universitário; agronejo; arrocha; piseiro,2025-07-03,2:52,False,https://open.spotify.com/track/4W9nFl732s6NdToGaCfiSl,spotify:track:4W9nFl732s6NdToGaCfiSl
beatriz,Aquele Lugar - Ao Vivo,Grupo Menos É Mais,Grupo Menos É Mais,MOLHO (Ao Vivo),79,87,5759303,pagode; samba,2025-02-13,2:47,False,https://open.spotify.com/track/0pGsxpkJC9IwK93fmqEYXn,spotify:track:0pGsxpkJC9IwK93fmqEYXn
beatriz,Bebe e Vem Me Procurar / Quem Ama Sente Saudade (Ao Vivo),Turma do Pagode,Turma do Pagode; Grupo Menos É Mais,Bebe e Vem Me Procurar / Quem Ama Sente Saudade (Ao Vivo),69,74,3855933,pagode; samba,2021-01-28,3:36,False,https://open.spotify.com/track/5A4DlgM68SnFSKImnMeiUH,spotify:track:5A4DlgM68SnFSKImnMeiUH
beatriz,Lapada Dela - Ao Vivo,Grupo Menos É Mais,Grupo Menos É Mais; Matheus Fernandes,Confia (Ao Vivo),77,87,5759303,pagode; samba,2023-01-20,2:39,False,https://open.spotify.com/track/4f0aDk7HX37SfzerfznYlr,spotify:track:4f0aDk7HX37SfzerfznYlr
beatriz,Adorei,Grupo Menos É Mais,Grupo Menos É Mais,Plano Piloto,76,87,5759303,pagode; samba,2021-03-12,2:59,False,https://open.spotify.com/track/1jweGFaVZxEVrOHKsLpPY4,spotify:track:1jweGFaVZxEVrOHKsLpPY4
beatriz,Nada Com Nada - Ao Vivo,Gustavo Mioto,Gustavo Mioto; Grupo Menos É Mais,Atemporal (Ao Vivo),71,76,7123159,sertanejo; sertanejo universitário; arrocha; agronejo,2025-05-30,2:41,False,https://open.spotify.com/track/4PiA2gsPjf5jD1zlv1DeyH,spotify:track:4PiA2gsPjf5jD1zlv1DeyH
beatriz,Jejum de Amor / Caixa Postal / Vida Vazia - Ao Vivo,Grupo Menos É Mais,Grupo Menos É Mais,Churrasquinho 3 (Ao Vivo),76,87,5759303,pagode; samba,2024-11-14,5:11,False,https://open.spotify.com/track/2je7f5dovpUabOqTSfyD5V,spotify:track:2je7f5dovpUabOqTSfyD5V
beatriz,Cantada Boba - Ao Vivo,Jorge & Mateus,Jorge & Mateus,Check-In (Ao Vivo),78,84,23833180,sertanejo; sertanejo universitário; arrocha; agronejo,2024-11-07,3:03,False,https://open.spotify.com/track/2gfn28JSINCJGLrUimmu0l,spotify:track:2gfn28JSINCJGLrUimmu0l
beatriz,Logo Eu,Jorge & Mateus,Jorge & Mateus,Os Anjos Cantam,75,84,23833180,sertanejo; sertanejo universitário; arrocha; agronejo,2015-03-23,2:35,False,https://open.spotify.com/track/2655xYZ347fG2N6OjkoMQ8,spotify:track:2655xYZ347fG2N6OjkoMQ8
beatriz,A Grama do Vizinho - Ao Vivo,Bruno Rosa,Bruno Rosa; Jorge & Mateus,"Evolução, Vol. 1 (Ao Vivo)",72,63,98743,sertanejo; sertanejo universitário,2025-06-26,3:00,False,https://open.spotify.com/track/4gBLQeJrre7DklMZIaPXPd,spotify:track:4gBLQeJrre7DklMZIaPXPd
beatriz,Xonei,Jorge & Mateus,Jorge & Mateus; Henrique & Juliano,Xonei,70,84,23833180,sertanejo; sertanejo universitário; arrocha; agronejo,2024-08-15,2:34,False,https://open.spotify.com/track/5sKGmZDmkGwFed5dPpZpZL,spotify:track:5sKGmZDmkGwFed5dPpZpZL
beatriz,Marca Evidente - Ao Vivo,Israel & Rodolffo,Israel & Rodolffo; Jorge & Mateus,Marca Evidente,72,72,3604337,sertanejo; sertanejo universitário; agronejo; piseiro; arrocha,2012,3:10,False,https://open.spotify.com/track/3aDV90V6vHUSYKKYDLNdQ8,spotify:track:3aDV90V6vHUSYKKYDLNdQ8
beatriz,"Tem Amor, Tem Volta - Ao Vivo",Jorge & Mateus,Jorge & Mateus,Check-In (Ao Vivo),71,84,23833180,sertanejo; sertanejo universitário; arrocha; agronejo,2024-11-07,2:22,False,https://open.spotify.com/track/6C5EczmaeIUmf1pTYux9f1,spotify:track:6C5EczmaeIUmf1pTYux9f1
beatriz,Anti Amor - Ao Vivo,Gustavo Mioto,Gustavo Mioto; Jorge & Mateus,Gustavo Mioto Ao Vivo Em São Paulo,70,76,7123159,sertanejo; sertanejo universitário; arrocha; agronejo,2017,2:45,False,https://open.spotify.com/track/3zlU0V45H1FcjZeGEVt8ih,spotify:track:3zlU0V45H1FcjZeGEVt8ih
beatriz,Haverá Sinais - Ao Vivo,Jorge & Mateus,Jorge & Mateus; Lauana Prado,Haverá Sinais (Ao Vivo),67,84,23833180,sertanejo; sertanejo universitário; arrocha; agronejo,2024-02-14,3:11,False,https://open.spotify.com/track/6X6jKoyw1OjogRghMEQAZV,spotify:track:6X6jKoyw1OjogRghMEQAZV
beatriz,Pra Sempre Com Você - Ao Vivo,Jorge & Mateus,Jorge & Mateus,Como. Sempre Feito. Nunca (Ao Vivo),70,84,23833180,sertanejo; sertanejo universitário; arrocha; agronejo,2016-02-19,3:27,False,https://open.spotify.com/track/2KGv51jgAz8OTjNPyRryfq,spotify:track:2KGv51jgAz8OTjNPyRryfq
beatriz,Amo Noite E Dia - Live In Sao Paulo / 2010,Jorge & Mateus,Jorge & Mateus,Aí Já Era...,69,84,23833180,sertanejo; sertanejo universitário; arrocha; agronejo,2010-01-01,3:03,False,https://open.spotify.com/track/2077eHXxwRgxDhEBtJV0wD,spotify:track:2077eHXxwRgxDhEBtJV0wD
beatriz,Escondendo o Ouro - Ao Vivo,Zé Neto & Cristiano,Zé Neto & Cristiano,"Magia das Estrelas, Vol. 1 (Ao Vivo)",82,83,22528264,sertanejo; sertanejo universitário; arrocha; agronejo,2025-05-22,2:51,False,https://open.spotify.com/track/0IBCX7PC9NcfFLuyoHxTNt,spotify:track:0IBCX7PC9NcfFLuyoHxTNt
beatriz,Veneno - Ao Vivo,Murilo Huff,Murilo Huff; Zé Neto & Cristiano,Veneno (Ao Vivo),76,79,2443831,sertanejo; sertanejo universitário; arrocha; agronejo,2025-03-13,2:58,False,https://open.spotify.com/track/2tUIRX4wK0COoKEorOdEpZ,spotify:track:2tUIRX4wK0COoKEorOdEpZ
beatriz,Vai Cair Água - Ao Vivo,Diego & Arnaldo,Diego & Arnaldo; Zé Neto & Cristiano,Vai Cair Água (Ao Vivo),77,69,1520996,sertanejo; sertanejo universitário; agronejo,2025-06-20,2:30,False,https://open.spotify.com/track/1Vsh9frTSsEwqwcbvZpItT,spotify:track:1Vsh9frTSsEwqwcbvZpItT
beatriz,Resumindo - Ao Vivo,Zé Neto & Cristiano,Zé Neto & Cristiano,"Magia das Estrelas, Vol. 1 (Ao Vivo)",78,83,22528264,sertanejo; sertanejo universitário; arrocha; agronejo,2025-05-22,2:25,False,https://open.spotify.com/track/6vGZfODFI1FxMImSUbdJhz,spotify:track:6vGZfODFI1FxMImSUbdJhz
beatriz,Notificação Preferida - Ao Vivo,Zé Neto & Cristiano,Zé Neto & Cristiano,Esquece o Mundo Lá Fora (Ao Vivo | Deluxe),76,83,22528264,sertanejo; sertanejo universitário; arrocha; agronejo,2018-07-13,3:02,False,https://open.spotify.com/track/3tA0vALUwrzkTgHcm9j6oJ,spotify:track:3tA0vALUwrzkTgHcm9j6oJ
beatriz,Dubai - Ao Vivo,Zé Neto & Cristiano,Zé Neto & Cristiano,"Magia das Estrelas, Vol. 2 (Ao Vivo)",73,83,22528264,sertanejo; sertanejo universitário; arrocha; agronejo,2025-08-14,3:03,False,https://open.spotify.com/track/4OC93ORgqsUsio3xgAdLHP,spotify:track:4OC93ORgqsUsio3xgAdLHP
beatriz,Pulando o Muro - Ao Vivo,Zé Neto & Cristiano,Zé Neto & Cristiano,"Intenso, Vol. 3 (Ao Vivo)",74,83,22528264,sertanejo; sertanejo universitário; arrocha; agronejo,2024-08-29,2:32,False,https://open.spotify.com/track/0KDxhAvKeiVFL1bZccQVJs,spotify:track:0KDxhAvKeiVFL1bZccQVJs
beatriz,Largado Às Traças - Ao Vivo,Zé Neto & Cristiano,Zé Neto & Cristiano,Esquece o Mundo Lá Fora (Ao Vivo | Deluxe),73,83,22528264,sertanejo; sertanejo universitário; arrocha; agronejo,2018-07-13,3:54,False,https://open.spotify.com/track/371Up3WP7OqJNFPf0BiyUe,spotify:track:371Up3WP7OqJNFPf0BiyUe
beatriz,Barulho Do Foguete - Ao Vivo,Zé Neto & Cristiano,Zé Neto & Cristiano,"Escolhas, Vol. 2 (Ao Vivo)",72,83,22528264,sertanejo; sertanejo universitário; arrocha; agronejo,2023-06-22,2:13,False,https://open.spotify.com/track/42JNab8NPeCADJ9D3Cl5wS,spotify:track:42JNab8NPeCADJ9D3Cl5wS
beatriz,Bebida Na Ferida - Ao Vivo,Zé Neto & Cristiano,Zé Neto & Cristiano,Esquece o Mundo Lá Fora (Ao Vivo | Deluxe),71,83,22528264,sertanejo; sertanejo universitário; arrocha; agronejo,2018-07-13,3:19,False,https://open.spotify.com/track/50YbE5MrvSu8Fz6A2dgTZ8,spotify:track:50YbE5MrvSu8Fz6A2dgTZ8
beatriz,Ilusão De Ótica - Ao Vivo,Matheus & Kauan,Matheus & Kauan; Ana Castela,Ilusão De Ótica (Ao Vivo),77,82,12809751,sertanejo; sertanejo universitário; arrocha; agronejo,2025-01-22,2:59,False,https://open.spotify.com/track/3Bn5vG7vienkREO35aoaKK,spotify:track:3Bn5vG7vienkREO35aoaKK
beatriz,Cronômetro - Ao Vivo,Matheus & Kauan,Matheus & Kauan,Praiou (Ao Vivo / Vol.3),76,82,12809751,sertanejo; sertanejo universitário; arrocha; agronejo,2024-07-05,2:45,False,https://open.spotify.com/track/7pkpWcko6KEZANj0xKsCsu,spotify:track:7pkpWcko6KEZANj0xKsCsu
beatriz,Quarta Cadeira - Ao Vivo,Matheus & Kauan,Matheus & Kauan; Jorge & Mateus,Tem Moda Pra Tudo (Ao Vivo),75,82,12809751,sertanejo; sertanejo universitário; arrocha; agronejo,2019-03-22,3:44,False,https://open.spotify.com/track/5q0NlM6Pm8Pp3orq7zGiRn,spotify:track:5q0NlM6Pm8Pp3orq7zGiRn
beatriz,Vou Ter Que Superar - Ao Vivo,Matheus & Kauan,Matheus & Kauan; Marília Mendonça,Tem Moda Pra Tudo (Ao Vivo),74,82,12809751,sertanejo; sertanejo universitário; arrocha; agronejo,2019-03-22,3:09,False,https://open.spotify.com/track/6sRLrSetyIwIKhW1eMlUNP,spotify:track:6sRLrSetyIwIKhW1eMlUNP
beatriz,Triplex - Ao Vivo,Matheus Fernandes,Matheus Fernandes; Matheus & Kauan,Triplex (Ao Vivo),70,72,929655,piseiro; sertanejo; pagode; forró; arrocha; sertanejo universitário,2024-05-22,2:58,False,https://open.spotify.com/track/1NcqLEg2r2LXqMVbam2BJD,spotify:track:1NcqLEg2r2LXqMVbam2BJD
beatriz,Todo Sol - Ao Vivo,Matheus & Kauan,Matheus & Kauan,Todo Sol (Ao Vivo),72,82,12809751,sertanejo; sertanejo universitário; arrocha; agronejo,2025-08-22,2:32,False,https://open.spotify.com/track/11R7kD9Idac8aG1Uh5SQY3,spotify:track:11R7kD9Idac8aG1Uh5SQY3
beatriz,Que Sorte A Nossa - Ao Vivo,Matheus & Kauan,Matheus & Kauan,Face A Face (Live),72,82,12809751,sertanejo; sertanejo universitário; arrocha; agronejo,2015-08-14,3:08,False,https://open.spotify.com/track/44pllb9f5QwcrD2kKc0gS0,spotify:track:44pllb9f5QwcrD2kKc0gS0
beatriz,Nessas Horas - Ao Vivo,Matheus & Kauan,Matheus & Kauan,Na Praia 2 (Ao Vivo),72,82,12809751,sertanejo; sertanejo universitário; arrocha; agronejo,2017-03-10,3:28,False,https://open.spotify.com/track/1MnUXXQEuzlJFNF5xMH1XQ,spotify:track:1MnUXXQEuzlJFNF5xMH1XQ
beatriz,Decide Aí - Na Praia / Ao Vivo,Matheus & Kauan,Matheus & Kauan,Na Praia (Ao Vivo),71,82,12809751,sertanejo; sertanejo universitário; arrocha; agronejo,2016-02-26,2:42,False,https://open.spotify.com/track/2CKg2u26mtyRYodwbxmA8l,spotify:track:2CKg2u26mtyRYodwbxmA8l
beatriz,A Nossa Praia - Ao Vivo,Matheus & Kauan,Matheus & Kauan,Adote um solteiro,41,82,12809751,sertanejo; sertanejo universitário; arrocha; agronejo,2023-06-09,3:21,False,https://open.spotify.com/track/2VqB6fWexLwScv36CmjsaM,spotify:track:2VqB6fWexLwScv36CmjsaM
beatriz,Retrovisor,Gusttavo Lima,Gusttavo Lima,Feito À Mão Vol. 01,80,82,23265537,sertanejo; sertanejo universitário; arrocha; agronejo; piseiro; forró,2025-08-13,3:05,False,https://open.spotify.com/track/4QZqSqxdcgAbtZle4MS4ph,spotify:track:4QZqSqxdcgAbtZle4MS4ph
beatriz,Pelo Bem da Minha Saudade,Gusttavo Lima,Gusttavo Lima,Feito À Mão Vol. 01,78,82,23265537,sertanejo; sertanejo universitário; arrocha; agronejo; piseiro; forró,2025-08-13,2:51,False,https://open.spotify.com/track/2W8XL6iRGMmGHpqW2TKcXc,spotify:track:2W8XL6iRGMmGHpqW2TKcXc
beatriz,Balada - Ao Vivo,Gusttavo Lima,Gusttavo Lima,Gusttavo Lima e Você (Ao Vivo),72,82,23265537,sertanejo; sertanejo universitário; arrocha; agronejo; piseiro; forró,2011-09-20,3:21,False,https://open.spotify.com/track/0zZnBbRW4Dt4cJKVtUQFwF,spotify:track:0zZnBbRW4Dt4cJKVtUQFwF
beatriz,Saudade e Cabelos Brancos,Gusttavo Lima,Gusttavo Lima,Feito À Mão Vol. 01,71,82,23265537,sertanejo; sertanejo universitário; arrocha; agronejo; piseiro; forró,2025-08-13,3:40,False,https://open.spotify.com/track/360yGInw4uhaOOWbAH3tuO,spotify:track:360yGInw4uhaOOWbAH3tuO
beatriz,Sofro e Não Nego,Gusttavo Lima,Gusttavo Lima,Feito À Mão Vol. 01,70,82,23265537,sertanejo; sertanejo universitário; arrocha; agronejo; piseiro; forró,2025-08-13,2:51,False,https://open.spotify.com/track/0jDBq8sXPh28uWmLeYwPQk,spotify:track:0jDBq8sXPh28uWmLeYwPQk
beatriz,Proibido Terminar - Ao Vivo,Gusttavo Lima,Gusttavo Lima,Proibido Terminar (Ao Vivo),70,82,23265537,sertanejo; sertanejo universitário; arrocha; agronejo; piseiro; forró,2025-02-06,2:45,False,https://open.spotify.com/track/7shkORZD3NNi6waqw7eIqT,spotify:track:7shkORZD3NNi6waqw7eIqT
beatriz,Medida Protetiva - Ao Vivo,João Bosco & Vinícius,João Bosco & Vinícius; Gusttavo Lima,"Deixa o Barulho, EP 1 (Ao Vivo)",69,69,3191997,sertanejo; sertanejo universitário; arrocha; agronejo; sertanejo tradicional,2025-09-11,3:17,False,https://open.spotify.com/track/3GTSSm8yi3l972EcXdKnrc,spotify:track:3GTSSm8yi3l972EcXdKnrc
beatriz,Culpa,Gusttavo Lima,Gusttavo Lima,Feito À Mão Vol. 01,70,82,23265537,sertanejo; sertanejo universitário; arrocha; agronejo; piseiro; forró,2025-08-13,2:37,False,https://open.spotify.com/track/10cTvGMAzCyx8CGKO0fB5q,spotify:track:10cTvGMAzCyx8CGKO0fB5q
beatriz,Canudinho - Ao Vivo,Gusttavo Lima,Gusttavo Lima; Ana Castela,Paraíso Particular (Ao Vivo),65,82,23265537,sertanejo; sertanejo universitário; arrocha; agronejo; piseiro; forró,2024-04-11,2:04,False,https://open.spotify.com/track/4PbNiITOiP1i8ErxJ2qxh3,spotify:track:4PbNiITOiP1i8ErxJ2qxh3
beatriz,A Noite (La Notte) - Ao Vivo,Gusttavo Lima,Gusttavo Lima,Embaixador Acústico - Ao Vivo,68,82,23265537,sertanejo; sertanejo universitário; arrocha; agronejo; piseiro; forró,2024-10-02,3:21,False,https://open.spotify.com/track/63BroH3HiwxYD8T5qTZiJn,spotify:track:63BroH3HiwxYD8T5qTZiJn
beatriz,Ta Rico Os Menino Do Gueto 🍀,Mc IG,Mc IG; MC Ryan SP; Mc Negão Original; DJ Japa NK; DJ DAVI DOGDOG; DU'L; MC GP; MC Meno K; Mc guizinho niazi; Nickz Beatz; SiarBeats,Ta Rico Os Menino Do Gueto 🍀,72,82,10699790,brazilian funk; trap funk; funk consciente,2025-04-30,7:39,True,https://open.spotify.com/track/0WFA9Klvxj0rFc9YFe7Zgv,spotify:track:0WFA9Klvxj0rFc9YFe7Zgv
beatriz,Pé na Areia,Mc IG,Mc IG; Dj Victor,Pé na Areia,75,82,10699790,brazilian funk; trap funk; funk consciente,2025-08-19,2:58,True,https://open.spotify.com/track/2Ki2eKWyUq0a75yDNlreQA,spotify:track:2Ki2eKWyUq0a75yDNlreQA
beatriz,Sexta Feira Hoje Tem,MC Ryan SP,MC Ryan SP; Mc IG; DJ Japa NK; Nilo; Boladin 211; MC LUUKY; Mc Negão Original,Sexta Feira Hoje Tem,73,83,7546550,brazilian funk; funk consciente; trap funk,2025-01-10,6:27,True,https://open.spotify.com/track/7jCgslBhuPF61B6yk90VYb,spotify:track:7jCgslBhuPF61B6yk90VYb
beatriz,Feliz no Simples 🍀,Mc IG,Mc IG; MC Ryan SP; DJ Glenner; MC PH; DJ Hyago,Feliz no Simples 🍀,71,82,10699790,brazilian funk; trap funk; funk consciente,2025-05-13,3:53,False,https://open.spotify.com/track/11Pyzl3LTwpM9yVIDdwK68,spotify:track:11Pyzl3LTwpM9yVIDdwK68
beatriz,3 Dias Virado,Mc IG,Mc IG,Só Explosão,70,82,10699790,brazilian funk; trap funk; funk consciente,2017-12-22,3:27,True,https://open.spotify.com/track/7DROtyR6IMNifyZmyksyE7,spotify:track:7DROtyR6IMNifyZmyksyE7
beatriz,Contagem Regressiva,Mc IG,Mc IG; Mc Negão Original; MC Ryan SP; DJ Guh Mix; MC Jvila; Mc Lele JP; Murillo e LT no Beat,Contagem Regressiva,70,82,10699790,brazilian funk; trap funk; funk consciente,2025-03-24,4:48,True,https://open.spotify.com/track/06VStvBWfFbepR97LhRo8D,spotify:track:06VStvBWfFbepR97LhRo8D
beatriz,400K,Mc IG,Mc IG; DJ Jorgin,Ninguém Tá Puro!,70,82,10699790,brazilian funk; trap funk; funk consciente,2023-03-15,2:43,False,https://open.spotify.com/track/1i2kguziI3ZbUZnZMKNhQ2,spotify:track:1i2kguziI3ZbUZnZMKNhQ2
beatriz,Let's Go 4,Dj GBR,Dj GBR; Mc IG; MC Ryan SP; MC PH; Mc Davi; Mc Luki; Mc Don Juan; Mc Kadu; TrapLaudo; MC GP; MC GH do 7,Let's Go 4,69,61,1433699,brazilian funk; trap funk,2023-08-29,10:41,True,https://open.spotify.com/track/2InS5VWKJQbsFBKOsf1cJB,spotify:track:2InS5VWKJQbsFBKOsf1cJB
beatriz,Jacob & Co.,MC Vinny,MC Vinny; Mc IG; MC Cebezinho; Dj GM; MC Paulin da Capital; Mc Kadu; jonatas nascimento; DJ SM OFICIAL; Norte Records,Jacob & Co.,68,62,167579,brazilian funk; funk consciente; trap funk,2025-07-18,5:57,False,https://open.spotify.com/track/5jkT5XbcEM2nz62Td5ZhDb,spotify:track:5jkT5XbcEM2nz62Td5ZhDb
beatriz,Noite Fria,Mc IG,Mc IG; MC Pipokinha; DJ Glenner,Noite Fria,59,82,10699790,brazilian funk; trap funk; funk consciente,2023-03-01,2:40,True,https://open.spotify.com/track/3lT2haeJ7ype7nCJrV96nI,spotify:track:3lT2haeJ7ype7nCJrV96nI
beatriz,SEQUÊNCIA FEITICEIRA,PEDRO SAMPAIO,PEDRO SAMPAIO; Mc Gw; Mc Jhey; Mc Rodrigo do CN; MC Nito,SEQUÊNCIA FEITICEIRA,81,75,3053097,brazilian funk; funk pop; funk carioca; brega funk; brazilian pop,2025-08-28,2:09,True,https://open.spotify.com/track/4Lwm0XFseZ09OBdmUJlcYp,spotify:track:4Lwm0XFseZ09OBdmUJlcYp
beatriz,MEGA YOU WILL SEE,DJ MUCA,DJ MUCA; LUIZERA DJ; Mc Morena; Mc Gw,MEGA YOU WILL SEE,72,57,4395,brazilian funk,2025-02-28,3:31,True,https://open.spotify.com/track/4s14VIfzOjS6Xb8L35QfUf,spotify:track:4s14VIfzOjS6Xb8L35QfUf
beatriz,Até Quebrar a Cama 2.0,cjnobeat,cjnobeat; Mc Morena; Mc Gw,Até Quebrar a Cama 2.0,71,64,48289,brega funk; brazilian funk,2025-07-24,2:12,True,https://open.spotify.com/track/7aOv4uSAmiB9XKnkibqSdo,spotify:track:7aOv4uSAmiB9XKnkibqSdo
beatriz,Sequência da Botação,DJ Ryder,DJ Ryder; Dj Dudu Coupper; Mc Gw,Sequência da Botação,71,57,8750,agronejo,2025-03-21,2:25,False,https://open.spotify.com/track/6XX6DTK8eugxgZqmlwcvkG,spotify:track:6XX6DTK8eugxgZqmlwcvkG
beatriz,ACIDO - Super Slowed,UdieNnx,UdieNnx; Mc Gw,ACIDO,65,72,91759,phonk; brazilian phonk,2024-10-31,1:38,False,https://open.spotify.com/track/2jSwvgoZ5AVAh7ihwpUK8E,spotify:track:2jSwvgoZ5AVAh7ihwpUK8E
beatriz,MONTAGEM - PR FUNK,S3BZS,S3BZS; Mc Gw; Mc Menor Do Alvorada,MONTAGEM - PR FUNK,69,59,225275,phonk; brazilian phonk,2023-05-01,1:01,False,https://open.spotify.com/track/6njJR3OIp3oA0Kc4aC9Tzf,spotify:track:6njJR3OIp3oA0Kc4aC9Tzf
beatriz,SEQUÊNCIA STRIPTEASE,PEDRO SAMPAIO,PEDRO SAMPAIO; Mc Gw; Mc Debby; Mc Talibã,SEQUÊNCIA STRIPTEASE,69,75,3053097,brazilian funk; funk pop; funk carioca; brega funk; brazilian pop,2024-12-12,2:24,False,https://open.spotify.com/track/7xeqjq45imp3qonWKqfyip,spotify:track:7xeqjq45imp3qonWKqfyip
beatriz,Vem Novinha pro Cafofo,Trovão no Beat,Trovão no Beat; Mc Gw,Vem Novinha pro Cafofo,67,62,16008,brega funk; brega; brazilian funk,2024-11-22,2:38,True,https://open.spotify.com/track/2XB2Mq2J3695WoYrIOljUZ,spotify:track:2XB2Mq2J3695WoYrIOljUZ
beatriz,Cachorrinha de Madame,DJ DUARTE,DJ DUARTE; DJ TS; Mc Gw; Pollini; Prime Funk,Cachorrinha de Madame,66,63,56176,brazilian funk,2025-01-10,2:27,True,https://open.spotify.com/track/5X0lmmevkj7s8rNprh29zC,spotify:track:5X0lmmevkj7s8rNprh29zC
beatriz,BOTA UM FUNK,PEDRO SAMPAIO,PEDRO SAMPAIO; Anitta; Mc Gw,BOTA UM FUNK,58,75,3053097,brazilian funk; funk pop; funk carioca; brega funk; brazilian pop,2025-04-03,1:45,False,https://open.spotify.com/track/4EE5MfVzHyEAJ7ndt8L3v8,spotify:track:4EE5MfVzHyEAJ7ndt8L3v8
beatriz,FAMOSINHA,Dj Caio Vieira,Dj Caio Vieira; MC Meno K; Mc Rodrigo do CN,FAMOSINHA,85,71,101199,brazilian funk; funk de bh,2025-02-28,2:12,True,https://open.spotify.com/track/5Nj2UVsxXAvhfYNpcre3al,spotify:track:5Nj2UVsxXAvhfYNpcre3al
beatriz,VAI NO CHÃO BANDIDA,Dj Guuh,Dj Guuh; Mc Rodrigo do CN; Mc Talibã,VAI NO CHÃO BANDIDA,75,60,15930,brazilian funk,2024-10-15,2:20,True,https://open.spotify.com/track/5bPVaf87iW31GGfmk2yqsd,spotify:track:5bPVaf87iW31GGfmk2yqsd
beatriz,Meu Carro nao tem Porta Luva - Remastered 2024,DJ NATAN 22,DJ NATAN 22; Mc Rodrigo do CN,Meu Carro nao tem Porta Luva (Remastered 2024),74,59,25450,brazilian funk,2024-11-12,2:39,True,https://open.spotify.com/track/0vYrfm0eUQyi6fWbYnBiDc,spotify:track:0vYrfm0eUQyi6fWbYnBiDc
beatriz,Oh Garota Eu Quero Você Só Pra Mim.,Oruam,Oruam; Zé Felipe; MC Tuto; Dj Lc da Roça; Mc Rodrigo do CN; MC K9; mc pl alves,Oh Garota Eu Quero Você Só Pra Mim.,74,77,4621951,trap funk; brazilian trap; trap; brazilian funk,2024-12-17,2:46,True,https://open.spotify.com/track/0BUkQGUXgcvf3gdCWYbtnJ,spotify:track:0BUkQGUXgcvf3gdCWYbtnJ
beatriz,Tipo Nino Abravanel,DJ Gouveia,DJ Gouveia; DJ Dozabri; Mc Rodrigo do CN,Tipo Nino Abravanel,72,60,123991,brazilian funk; funk carioca,2025-01-23,2:11,True,https://open.spotify.com/track/6XXqPj8USz1oebSmMPCBLC,spotify:track:6XXqPj8USz1oebSmMPCBLC
beatriz,Construção de Amor,DJ CZ,DJ CZ; DJ Katrip; Mc Rodrigo do CN; MC Nito,Construção de Amor,73,65,31157,brazilian funk,2025-08-01,2:09,True,https://open.spotify.com/track/5HE0pAUxO6poQvNVtCFd06,spotify:track:5HE0pAUxO6poQvNVtCFd06
beatriz,Teu Preferido,DJ BRIZY,DJ BRIZY; Mc Rodrigo do CN; FreesTyle Sounds,Teu Preferido,72,58,3401,brazilian funk,2025-05-16,2:16,True,https://open.spotify.com/track/58d1Gf3p4FWKNnGuq00wXT,spotify:track:58d1Gf3p4FWKNnGuq00wXT
beatriz,Cada Vez Mais Gostosa,Dj Tchouzen,Dj Tchouzen; Mc Rodrigo do CN,Cada Vez Mais Gostosa,71,69,45313,brazilian funk,2023-04-13,2:13,True,https://open.spotify.com/track/6v6MmJlw7elqJUty23mvS4,spotify:track:6v6MmJlw7elqJUty23mvS4
beatriz,Ela Quer Sentar Pros Maloka,cjnobeat,cjnobeat; Felipe Amorim; Mc Rodrigo do CN,Ela Quer Sentar Pros Maloka,69,64,48289,brega funk; brazilian funk,2025-07-01,2:16,True,https://open.spotify.com/track/6LsZx8Hv0GOGNinPva72nr,spotify:track:6LsZx8Hv0GOGNinPva72nr
beatriz,Saudade Burra - Ao Vivo,Lauana Prado,Lauana Prado; Simone Mendes,Transcende (Ao Vivo),76,78,5788679,sertanejo; sertanejo universitário,2025-03-07,2:37,False,https://open.spotify.com/track/3M4HJl7D77l86gL1QXGJHG,spotify:track:3M4HJl7D77l86gL1QXGJHG
beatriz,Saudade Proibida - Ao Vivo,Simone Mendes,Simone Mendes,Saudade Proibida (Ao Vivo),80,82,3666587,sertanejo; sertanejo universitário; forró; piseiro; pagode; agronejo; arrocha,2025-04-04,2:40,False,https://open.spotify.com/track/40WZQRA3T6WZFIgskIAAz7,spotify:track:40WZQRA3T6WZFIgskIAAz7
beatriz,Me Ama Ou Me Larga - Ao Vivo,Simone Mendes,Simone Mendes,Me Ama Ou Me Larga (Ao Vivo),78,82,3666587,sertanejo; sertanejo universitário; forró; piseiro; pagode; agronejo; arrocha,2025-01-31,2:28,False,https://open.spotify.com/track/2TSYxcrcrtLpdbsLY9NmzL,spotify:track:2TSYxcrcrtLpdbsLY9NmzL
beatriz,Erro Gostoso - Ao Vivo,Simone Mendes,Simone Mendes,Cintilante (Ao Vivo / Vol.2),71,82,3666587,sertanejo; sertanejo universitário; forró; piseiro; pagode; agronejo; arrocha,2023-10-20,2:58,False,https://open.spotify.com/track/6vq7r1Pqd3pyI07u63cPZV,spotify:track:6vq7r1Pqd3pyI07u63cPZV
beatriz,Dois Tristes - Ao Vivo,Simone Mendes,Simone Mendes,Cantando Sua História (Ao Vivo / Vol.1),64,82,3666587,sertanejo; sertanejo universitário; forró; piseiro; pagode; agronejo; arrocha,2024-03-01,3:09,False,https://open.spotify.com/track/4kQbzdZLAeqlrw3y7o4k3i,spotify:track:4kQbzdZLAeqlrw3y7o4k3i
beatriz,Eu Menti - Ao Vivo,Simone Mendes,Simone Mendes,Cantando Sua História 2 (Ao Vivo / Vol.1),72,82,3666587,sertanejo; sertanejo universitário; forró; piseiro; pagode; agronejo; arrocha,2025-08-15,2:59,False,https://open.spotify.com/track/0CSK5vLK4YWMgHSS2cmt7A,spotify:track:0CSK5vLK4YWMgHSS2cmt7A
beatriz,Mulher Foda - Ao Vivo,Simone Mendes,Simone Mendes,Cantando Sua História (Ao Vivo / Vol.2),71,82,3666587,sertanejo; sertanejo universitário; forró; piseiro; pagode; agronejo; arrocha,2024-07-12,2:42,False,https://open.spotify.com/track/0GbvYZsvz7bWyijBDESebX,spotify:track:0GbvYZsvz7bWyijBDESebX
beatriz,Dois Fugitivos - Ao Vivo,Simone Mendes,Simone Mendes,Cintilante (Ao Vivo / Vol.2),68,82,3666587,sertanejo; sertanejo universitário; forró; piseiro; pagode; agronejo; arrocha,2023-10-20,2:53,False,https://open.spotify.com/track/4YKujFSyakVjLdH1sDllVc,spotify:track:4YKujFSyakVjLdH1sDllVc
beatriz,Daqui pra Sempre,Manu,Manu; Simone Mendes,Daqui pra Sempre,66,64,1002477,tecnobrega; sertanejo; forró; piseiro; brega; arrocha; seresta; sertanejo universitário,2023-09-22,3:22,False,https://open.spotify.com/track/35D06z7kmwMmYYbyJ0BkSm,spotify:track:35D06z7kmwMmYYbyJ0BkSm
beatriz,Olha Onde Eu Tô,Ana Castela,Ana Castela,Let's Go Rodeo,79,81,9344457,sertanejo; agronejo; sertanejo universitário; piseiro,2025-05-29,3:01,False,https://open.spotify.com/track/10MsXPpQLz5ZrOEZxTtkIm,spotify:track:10MsXPpQLz5ZrOEZxTtkIm
beatriz,Todo Mundo Menos Eu - Ao Vivo,Hugo & Guilherme,Hugo & Guilherme; Ana Castela,Todo Mundo Menos Eu (Ao Vivo),76,79,3188375,sertanejo; sertanejo universitário; agronejo; arrocha,2025-09-03,2:06,False,https://open.spotify.com/track/7CIx2glE3HjBtXRrZzfowf,spotify:track:7CIx2glE3HjBtXRrZzfowf
daniel,Coppelia: Act I - Valse,Léo Delibes,Léo Delibes; Slovak Radio Symphony Orchestra; Andrew Mogrelia,Delibes: Coppelia (Complete Ballet) / La Source Suites,50,55,69430,classical; opera,1995-12-13,2:21,False,https://open.spotify.com/track/03xxnNXmK7lJjW9hV2ldn8,spotify:track:03xxnNXmK7lJjW9hV2ldn8
daniel,Junjiro (Little Tanuki) - Mondo Loops Remix,Lofi Girl,Lofi Girl; Assassin's Creed; Mondo Loops,Lofi Girl x Assassin's Creed Shadows - stealthy beats to relax to,55,65,194049,lo-fi,2025-03-26,2:15,False,https://open.spotify.com/track/6lyVunXcysd1AMWhwsnNYs,spotify:track:6lyVunXcysd1AMWhwsnNYs
daniel,Amongst the Shells,Kurt Stewart,Kurt Stewart; Lomme,Beach Cat,47,53,3979,lo-fi hip hop; lo-fi; lo-fi beats,2025-07-15,2:21,False,https://open.spotify.com/track/6bkAZYzzChYhwWT7RS8CqG,spotify:track:6bkAZYzzChYhwWT7RS8CqG
daniel,Last Dream,Sarklaz,Sarklaz,Last Dream,50,35,4046,,2024-02-16,3:50,False,https://open.spotify.com/track/4syxTx96g4iaHVUrpZo3np,spotify:track:4syxTx96g4iaHVUrpZo3np
daniel,Soul of Serenity,Fya Playce,Fya Playce,Soul of Serenity,39,52,626,lo-fi beats; lo-fi,2023-09-17,2:12,False,https://open.spotify.com/track/4baez3KIhzdnOIhyS4TNeG,spotify:track:4baez3KIhzdnOIhyS4TNeG
daniel,The Alchemy,Taylor Swift,Taylor Swift,THE TORTURED POETS DEPARTMENT: THE ANTHOLOGY,71,100,143779242,,2024-04-19,3:16,False,https://open.spotify.com/track/1tuNqJOtRQVHvONR8Lg3MZ,spotify:track:1tuNqJOtRQVHvONR8Lg3MZ
daniel,pick you up when you're down,Lenny Loops,Lenny Loops; Dontcry,quiet moon,48,58,4401,lo-fi; lo-fi hip hop; lo-fi beats,2025-03-21,2:20,False,https://open.spotify.com/track/6h2UIm7wap9m3na6Kk3HrQ,spotify:track:6h2UIm7wap9m3na6Kk3HrQ
daniel,Radiance,Christopher Larkin,Christopher Larkin,Hollow Knight (Original Soundtrack),52,72,164997,soundtrack,2017-02-10,2:17,False,https://open.spotify.com/track/1ygjvLVwydBF164HQsv2QD,spotify:track:1ygjvLVwydBF164HQsv2QD
daniel,homesick,wave to earth,wave to earth,0.1 flaws and all.,70,76,4853323,,2023-04-20,5:06,False,https://open.spotify.com/track/2FZIabCRMEWAYfN69Ijn1U,spotify:track:2FZIabCRMEWAYfN69Ijn1U
daniel,Habitat,Pedro Santos,Pedro Santos; Kiaz; Tru3 Beats; Koé,Habitat,25,13,1057,,2025-09-05,3:20,False,https://open.spotify.com/track/32UqwIoHVj6XuLn8VAxpfu,spotify:track:32UqwIoHVj6XuLn8VAxpfu
daniel,Cinnamon Rolls,Mujo,Mujo,Hypnotic Hills,44,58,30837,lo-fi; lo-fi hip hop; lo-fi beats; jazz beats,2023-08-18,1:26,False,https://open.spotify.com/track/2pv9LnCIWagAwA1AsK0zG2,spotify:track:2pv9LnCIWagAwA1AsK0zG2
daniel,Should I Stay or Should I Go - Remastered,The Clash,The Clash,Combat Rock (Remastered),79,72,3142616,punk,1982,3:08,False,https://open.spotify.com/track/39shmbIHICJ2Wxnk1fPSdz,spotify:track:39shmbIHICJ2Wxnk1fPSdz
daniel,The Shire,Howard Shore,Howard Shore,The Lord of the Rings: The Fellowship of the Ring - the Complete Recordings,64,70,496480,soundtrack,2001,2:29,False,https://open.spotify.com/track/6zW80jVqLtgSF1yCtGHiiD,spotify:track:6zW80jVqLtgSF1yCtGHiiD
daniel,Suavemente,Elvis Crespo,Elvis Crespo,Suavemente,71,69,1219686,merengue; latin dance; salsa; latin,1998-02-27,4:27,False,https://open.spotify.com/track/7JIjUx3GsL0upxmNJacmtz,spotify:track:7JIjUx3GsL0upxmNJacmtz
daniel,1AM FREESTYLE,Joji,Joji,SMITHEREENS,62,81,10400714,,2022-11-04,1:53,False,https://open.spotify.com/track/7EAQfy8KYXbx2UqNF4envA,spotify:track:7EAQfy8KYXbx2UqNF4envA
daniel,Na Hora Da Raiva - Ao Vivo,Henrique & Juliano,Henrique & Juliano,Novas Histórias (Ao Vivo / Deluxe),66,89,29510223,sertanejo; sertanejo universitário; arrocha; agronejo,2016-11-11,2:54,False,https://open.spotify.com/track/0RXnXOh54K7pzfx02TCyuX,spotify:track:0RXnXOh54K7pzfx02TCyuX
daniel,When I Close My Eyes,SLEEP CLUB,SLEEP CLUB,When I Close My Eyes,48,35,2030,shoegaze,2025-03-17,2:50,False,https://open.spotify.com/track/2Lfs1JV7HkKDN07hoOJSaU,spotify:track:2Lfs1JV7HkKDN07hoOJSaU
daniel,Mujinas Ramen Shop,Flitz&Suppe,Flitz&Suppe; Mr. Käfer,Yokai,56,53,26248,lo-fi beats; lo-fi hip hop; lo-fi; jazz beats; jazz rap,2020-07-07,2:41,False,https://open.spotify.com/track/5xyhG7nGl3A8pvFFCEbTdl,spotify:track:5xyhG7nGl3A8pvFFCEbTdl
daniel,Warm Colours,Osaki,Osaki; Sleepermane,Evergarden,51,49,7186,lo-fi; lo-fi hip hop,2022-07-25,2:10,False,https://open.spotify.com/track/1RHFPBrrYP93UYSQo0865S,spotify:track:1RHFPBrrYP93UYSQo0865S
daniel,Skyfloat,Mr. Käfer,Mr. Käfer,Skyfloat,49,55,12247,lo-fi hip hop; lo-fi beats; lo-fi; jazz beats; jazz rap,2025-04-04,2:18,False,https://open.spotify.com/track/2LUKL6s5pRci7b33Kbx18V,spotify:track:2LUKL6s5pRci7b33Kbx18V
daniel,in_the_dark.ech,Bring Me The Horizon,Bring Me The Horizon; Kanisan,Lo-files,54,81,6588172,metalcore; emo; screamo; rock; post-hardcore,2025-07-11,3:08,False,https://open.spotify.com/track/78mP1BhsKkinyPyFK0whIF,spotify:track:78mP1BhsKkinyPyFK0whIF
daniel,Afterglow,Taylor Swift,Taylor Swift,Lover,74,100,143779242,,2019-08-23,3:43,False,https://open.spotify.com/track/1SymEzIT3H8UZfibCs3TYi,spotify:track:1SymEzIT3H8UZfibCs3TYi
daniel,Float On,The Floaters,The Floaters,Music For Groovin',40,42,52561,classic soul,2007-01-01,4:10,False,https://open.spotify.com/track/0i38ukkDaXt4bCP0osIbz0,spotify:track:0i38ukkDaXt4bCP0osIbz0
daniel,Old Feelings,slowburn,slowburn,Old Feelings,52,57,4275,lo-fi,2023-12-07,2:16,False,https://open.spotify.com/track/5NV5hADD7crqBoNIQ5mPr8,spotify:track:5NV5hADD7crqBoNIQ5mPr8
daniel,Garden Of Eden,Lady Gaga,Lady Gaga,MAYHEM,76,93,41616750,art pop; pop,2025-03-07,3:59,False,https://open.spotify.com/track/4mUR5Tv0CvJtpmnUtzeIgd,spotify:track:4mUR5Tv0CvJtpmnUtzeIgd
daniel,Daybreak,Robin Carolan,Robin Carolan,Nosferatu (Original Motion Picture Soundtrack),34,42,6685,,2024-11-22,8:01,False,https://open.spotify.com/track/4S8FUjOCxiBtNXNTkDFwR1,spotify:track:4S8FUjOCxiBtNXNTkDFwR1
daniel,"Peer Gynt Suite No. 1, Op. 46: I. Morning Mood",Edvard Grieg,Edvard Grieg; Berliner Philharmoniker; Herbert von Karajan,Grieg: Peer Gynt Suites / Sibelius: Valse triste,60,65,570337,classical; orchestral,1993-01-01,4:13,False,https://open.spotify.com/track/0awWxz7WRKdSpU9RVZ5PVK,spotify:track:0awWxz7WRKdSpU9RVZ5PVK
daniel,Days Past,WanderLight,WanderLight,Days Past,52,46,1952,jazz beats; lo-fi; lo-fi beats,2025-01-10,2:09,False,https://open.spotify.com/track/4Brvu4N2Vwpi3ookEP1OVy,spotify:track:4Brvu4N2Vwpi3ookEP1OVy
daniel,Almost There,Anika Noni Rose,Anika Noni Rose,The Princess and the Frog (Original Motion Picture Soundtrack),60,57,42317,,2009-11-23,2:24,False,https://open.spotify.com/track/2GLyruWagsv8o7aGNXboH1,spotify:track:2GLyruWagsv8o7aGNXboH1
daniel,Pandora,DJ Matt D,DJ Matt D; Menor MC; MC GP; Vulgo FK,Pandora,67,61,541810,brazilian funk; funk consciente; trap funk; brazilian trap,2021-11-26,2:57,True,https://open.spotify.com/track/0yL7K9MzC20uBesZTPY81r,spotify:track:0yL7K9MzC20uBesZTPY81r
daniel,Beira Mar,Tarcis,Tarcis; VND; pumapjl,Todo Mundo Ama O Sol,56,51,43355,boom bap; brazilian hip hop,2021-08-20,2:42,False,https://open.spotify.com/track/3D4H9CEYCjP7KuHQ8JZVtv,spotify:track:3D4H9CEYCjP7KuHQ8JZVtv
daniel,Slow Breaths,Calmly,Calmly,Dreams,66,88,62123,,2023,1:31,False,https://open.spotify.com/track/0urhrsYjTbnUg9WNiOIn3C,spotify:track:0urhrsYjTbnUg9WNiOIn3C
daniel,No Guidance (feat. Drake),Chris Brown,Chris Brown; Drake,Indigo,80,91,27979022,r&b,2019-06-28,4:20,True,https://open.spotify.com/track/6XHVuErjQ4XNm6nDPVCxVX,spotify:track:6XHVuErjQ4XNm6nDPVCxVX
daniel,Autumnal Longing,Mujo,Mujo; KLIM,Autumnal Longing,43,58,30837,lo-fi; lo-fi hip hop; lo-fi beats; jazz beats,2024-05-13,1:59,False,https://open.spotify.com/track/03Pmh9aXyfO6TgiLqPZPFc,spotify:track:03Pmh9aXyfO6TgiLqPZPFc
daniel,Better Place (From TROLLS Band Together),*NSYNC,*NSYNC; Justin Timberlake,Better Place (From TROLLS Band Together),64,73,3066923,,2023-09-29,3:36,False,https://open.spotify.com/track/1bHnRc60O1N0l3PbHjaKyK,spotify:track:1bHnRc60O1N0l3PbHjaKyK
daniel,Sap Green,Casiio,Casiio; Sling Dilly,Sap Green,52,65,18748,lo-fi hip hop; lo-fi; lo-fi beats,2024-04-12,1:41,False,https://open.spotify.com/track/7uaFkXXFrkRUFRXnhnsqnn,spotify:track:7uaFkXXFrkRUFRXnhnsqnn
daniel,clockwork dreams,Tonion,Tonion; Hoffy Beats,clockwork dreams,45,49,2863,lo-fi; lo-fi beats; lo-fi hip hop,2024-05-17,2:51,False,https://open.spotify.com/track/4yc2GdYpTszeaA1Dhqltwd,spotify:track:4yc2GdYpTszeaA1Dhqltwd
daniel,sTr4nG3r5.vsn0,Bring Me The Horizon,Bring Me The Horizon; Dimension 32,Lo-files,50,81,6588172,metalcore; emo; screamo; rock; post-hardcore,2025-07-11,3:05,False,https://open.spotify.com/track/5OjkJMfEVBAVgoYshwZuRt,spotify:track:5OjkJMfEVBAVgoYshwZuRt
daniel,Shadows,Pastel Ghost,Pastel Ghost,Abyss,65,67,925502,witch house; darkwave,2015-03-10,3:28,False,https://open.spotify.com/track/3vtFowc9zcQfvqsLAZ9Cx2,spotify:track:3vtFowc9zcQfvqsLAZ9Cx2
daniel,Tonight You Belong To Me,Patience & Prudence,Patience & Prudence,The Best Of Patience & Prudence,62,50,31597,adult standards,2004-03-09,1:55,False,https://open.spotify.com/track/77MHOLfTVDlhcX0yDr23Uu,spotify:track:77MHOLfTVDlhcX0yDr23Uu
daniel,Toutatis,Cosmic Koala,Cosmic Koala; Lucid Keys,The Tale of the Druids,53,50,2700,lo-fi,2022-12-05,2:28,False,https://open.spotify.com/track/4uGmO9fJT72fVDU6rxU2n7,spotify:track:4uGmO9fJT72fVDU6rxU2n7
daniel,Aetheris,Edge Of The Spiral,Edge Of The Spiral,Aetheris,47,46,340,,2024-05-31,2:58,False,https://open.spotify.com/track/3qW4n7ZcKKdby0Hyp0tVma,spotify:track:3qW4n7ZcKKdby0Hyp0tVma
daniel,Sweet Meetings,Cosmic Koala,Cosmic Koala; Dimension 32; Lucid Keys,Beautiful Days,49,50,2700,lo-fi,2022-11-10,2:31,False,https://open.spotify.com/track/7vWU7z6GAbJuQgsVSriod9,spotify:track:7vWU7z6GAbJuQgsVSriod9
daniel,Reminiscence.,XiiiDolor,XiiiDolor,Reminiscence.,30,33,10930,,2020-06-19,2:41,True,https://open.spotify.com/track/32xRvHd8a63H3SEOxkZrPR,spotify:track:32xRvHd8a63H3SEOxkZrPR
daniel,seenitallbefore_xx.arch,Bring Me The Horizon,Bring Me The Horizon; Kanisan,Lo-files,52,81,6588172,metalcore; emo; screamo; rock; post-hardcore,2025-07-11,3:28,False,https://open.spotify.com/track/7nlMB8nDWH3pOFTxxwgfBm,spotify:track:7nlMB8nDWH3pOFTxxwgfBm
daniel,Faded,Alan Walker,Alan Walker,Different World,80,82,41185501,,2018-12-14,3:32,False,https://open.spotify.com/track/698ItKASDavgwZ3WjaWjtz,spotify:track:698ItKASDavgwZ3WjaWjtz
daniel,Floating Island,Dimension 32,Dimension 32,Aeolia,52,59,9961,lo-fi; lo-fi hip hop; lo-fi beats,2022-03-16,2:57,False,https://open.spotify.com/track/3aBL98Q6whwKc4Qdnp4Kdw,spotify:track:3aBL98Q6whwKc4Qdnp4Kdw
daniel,A Meditation,Kanisan,Kanisan; no one's perfect,A Way of Existing,49,58,9715,lo-fi hip hop; lo-fi; lo-fi beats,2020-05-02,1:32,False,https://open.spotify.com/track/60IWkxGtf9Ir5bemYL1XFi,spotify:track:60IWkxGtf9Ir5bemYL1XFi
daniel,Sailboats and Constellations,after noon,after noon,Sailboats and Constellations,48,54,1817,lo-fi; lo-fi beats,2024-12-09,2:25,False,https://open.spotify.com/track/6FrKwITO8Mq4wIjy7Sm18N,spotify:track:6FrKwITO8Mq4wIjy7Sm18N
daniel,Sleepyhead,Jutes,Jutes,Sleepyhead,64,65,277032,,2024-08-01,3:12,True,https://open.spotify.com/track/5uuPDgZe2xlN5UN4sUQyAc,spotify:track:5uuPDgZe2xlN5UN4sUQyAc
daniel,kites in the sky,Fya Playce,Fya Playce,kites in the sky,49,52,626,lo-fi beats; lo-fi,2025-06-15,2:14,False,https://open.spotify.com/track/1K5AVPjIGLp0HKbPR5riIY,spotify:track:1K5AVPjIGLp0HKbPR5riIY
daniel,Recurring Dreams,trxxshed,trxxshed; softy,Blissful Dreams,43,52,4766,lo-fi hip hop; lo-fi,2023-05-24,2:06,False,https://open.spotify.com/track/2eClTUzkZ7UOA0tyOwcBZi,spotify:track:2eClTUzkZ7UOA0tyOwcBZi
daniel,beautiful imprefections,Mondo Loops,Mondo Loops,beautiful imperfections,52,64,42050,lo-fi hip hop; lo-fi; lo-fi beats,2025-09-05,2:03,False,https://open.spotify.com/track/09bYYYVbm0W5DJAdq5lXkd,spotify:track:09bYYYVbm0W5DJAdq5lXkd
daniel,drwn.vvv,Bring Me The Horizon,Bring Me The Horizon; Dimension 32,Lo-files,53,81,6588172,metalcore; emo; screamo; rock; post-hardcore,2025-07-11,3:25,False,https://open.spotify.com/track/7lXJ3hmDo5XK1witUxj8aX,spotify:track:7lXJ3hmDo5XK1witUxj8aX
daniel,parasite.ev3,Bring Me The Horizon,Bring Me The Horizon; Mondo Loops,Lo-files,51,81,6588172,metalcore; emo; screamo; rock; post-hardcore,2025-07-11,3:14,False,https://open.spotify.com/track/7GPLneLBvgAURR2AblkAJy,spotify:track:7GPLneLBvgAURR2AblkAJy
daniel,at the blue hour,Lenny Loops,Lenny Loops; Nokiaa,at the blue hour,54,58,4401,lo-fi; lo-fi hip hop; lo-fi beats,2024-09-02,1:44,False,https://open.spotify.com/track/5PXW1rFIHsKhU0LMSkinZn,spotify:track:5PXW1rFIHsKhU0LMSkinZn
daniel,Stepping Stones,Stick Figure,Stick Figure,Wisdom,43,72,869132,reggae; reggae rock; roots reggae,2022-09-09,4:13,False,https://open.spotify.com/track/2mhJnFLKpgxNmB1Xlc5byn,spotify:track:2mhJnFLKpgxNmB1Xlc5byn
daniel,Grumpy,Toti Cisneros,Toti Cisneros; Soul Food Horns,Grumpy,46,55,1927,jazz beats; lo-fi; lo-fi beats,2025-09-05,2:06,False,https://open.spotify.com/track/20hRPJqwALmS3KphqHeH2s,spotify:track:20hRPJqwALmS3KphqHeH2s
daniel,Beach Cat,Kurt Stewart,Kurt Stewart; Lomme,Beach Cat,48,53,3979,lo-fi hip hop; lo-fi; lo-fi beats,2025-07-15,2:22,False,https://open.spotify.com/track/2wU4RBVzUHVA8qijByBGsV,spotify:track:2wU4RBVzUHVA8qijByBGsV
daniel,A Bird's Last Look,Macabre Plaza,Macabre Plaza,Out With the Old in With the Taboo,62,54,240940,,2022-04-21,1:09,False,https://open.spotify.com/track/5omLpU1N0uN51OSXL62VAM,spotify:track:5omLpU1N0uN51OSXL62VAM
daniel,Enchanted Trees,No Spirit,No Spirit; Casiio,Puddles,52,64,20615,lo-fi hip hop; lo-fi; lo-fi beats,2025-09-08,2:46,False,https://open.spotify.com/track/3Zza9LuM3hAdIo7QbFE5SM,spotify:track:3Zza9LuM3hAdIo7QbFE5SM
daniel,Crates,Shoganai,Shoganai; Dosi; Lofi Girl,Lofi Girl - Back to school,48,39,76,lo-fi,2025-09-15,2:25,False,https://open.spotify.com/track/0yPqDeOY0gXdtmqtIgEjVT,spotify:track:0yPqDeOY0gXdtmqtIgEjVT
daniel,Sirens,Pearl Jam,Pearl Jam,Lightning Bolt,65,79,9857607,grunge; rock; post-grunge,2013-01-01,5:40,False,https://open.spotify.com/track/1cAMXz9mnvrqyQLSG4KeeE,spotify:track:1cAMXz9mnvrqyQLSG4KeeE
daniel,Noctilucent,Everglades,Everglades,Noctilucent,52,54,600,,2024-11-08,2:20,False,https://open.spotify.com/track/3m8aAgxiL7SMOTPym9s5Gx,spotify:track:3m8aAgxiL7SMOTPym9s5Gx
daniel,Ivory,MOVEMENT,MOVEMENT,MOVEMENT,45,44,74749,,2014-01-01,3:42,False,https://open.spotify.com/track/47prNzqRUL0L9z9qZRRbZj,spotify:track:47prNzqRUL0L9z9qZRRbZj
daniel,A small step toward the sky,evroulth,evroulth; Chillhop World,a false but beautiful world,43,44,23,lo-fi,2025-08-01,2:47,False,https://open.spotify.com/track/4oFaQ0abKACd8xGX3xszYV,spotify:track:4oFaQ0abKACd8xGX3xszYV
daniel,Singing Flowers,Mujo,Mujo,Singing Flowers,48,58,30837,lo-fi; lo-fi hip hop; lo-fi beats; jazz beats,2023-08-07,1:33,False,https://open.spotify.com/track/5nZh8vYe3kYeKnRG6gNp7U,spotify:track:5nZh8vYe3kYeKnRG6gNp7U
daniel,the day you left,les,les; forlorn,the day you left,57,54,14567,dark ambient; slowcore; ambient,2024-08-05,1:43,False,https://open.spotify.com/track/0KvFA2nckCvUKgx3SWMNi6,spotify:track:0KvFA2nckCvUKgx3SWMNi6
daniel,with purpose,steezy prime,steezy prime; fnonose,never alone,49,58,18271,lo-fi; lo-fi hip hop; lo-fi beats,2022-09-08,2:42,False,https://open.spotify.com/track/50Sw45eThlvwLzvmxXqG5g,spotify:track:50Sw45eThlvwLzvmxXqG5g
daniel,Mood Swings (feat. Lil Tjay),Pop Smoke,Pop Smoke; Lil Tjay,Shoot For The Stars Aim For The Moon,75,79,15550308,brooklyn drill; new york drill; drill,2020-07-03,3:33,True,https://open.spotify.com/track/5rZlwNFl01HqLWBQGryKSm,spotify:track:5rZlwNFl01HqLWBQGryKSm
daniel,Sway,Michael Bublé,Michael Bublé,Michael Bublé,74,76,6874223,christmas,2003,3:08,False,https://open.spotify.com/track/2ajUl8lBLAXOXNpG4NEPMz,spotify:track:2ajUl8lBLAXOXNpG4NEPMz
daniel,Sand Dollar,Kurt Stewart,Kurt Stewart; Lomme,Beach Cat,47,53,3979,lo-fi hip hop; lo-fi; lo-fi beats,2025-07-15,2:37,False,https://open.spotify.com/track/2cKV7tUEv1rc0WXsrtMfJA,spotify:track:2cKV7tUEv1rc0WXsrtMfJA
daniel,Inner Light,Elderbrook,Elderbrook; Bob Moses,Inner Light,67,70,522316,,2021-07-30,4:17,False,https://open.spotify.com/track/40tPP3K10yMZxwnT65REKj,spotify:track:40tPP3K10yMZxwnT65REKj
daniel,In The Air Tonight - 2015 Remastered,Phil Collins,Phil Collins,Face Value (Deluxe Editon),79,80,7247270,soft rock,1981-01-01,5:36,False,https://open.spotify.com/track/18AXbzPzBS8Y3AkgSxzJPb,spotify:track:18AXbzPzBS8Y3AkgSxzJPb
daniel,Silhouettes - Original Radio Edit,Avicii,Avicii,Silhouettes,57,83,23413002,edm,2012-04-27,3:31,False,https://open.spotify.com/track/06h3McKzmxS8Bx58USHiMq,spotify:track:06h3McKzmxS8Bx58USHiMq
daniel,Winter Shells,Mondo Loops,Mondo Loops; Kanisan,Terrapin,54,64,42050,lo-fi hip hop; lo-fi; lo-fi beats,2020-05-22,3:06,False,https://open.spotify.com/track/4EVBIa6OoontXnsOVFiMGS,spotify:track:4EVBIa6OoontXnsOVFiMGS
daniel,comet trails & coffee,evroulth,evroulth; Chillhop World,a false but beautiful world,45,44,23,lo-fi,2025-08-01,2:18,False,https://open.spotify.com/track/0x7hsnqN5utU445FmkvMMQ,spotify:track:0x7hsnqN5utU445FmkvMMQ
daniel,Wait For Spring,Fya Playce,Fya Playce,Wait For Spring,50,52,626,lo-fi beats; lo-fi,2023-10-01,2:09,False,https://open.spotify.com/track/65RlTv8r06C7Jm5sDMbyu4,spotify:track:65RlTv8r06C7Jm5sDMbyu4
daniel,Closer,Sundazer,Sundazer,Closer,58,50,15006,shoegaze,2022-12-28,4:14,False,https://open.spotify.com/track/4qb73E397r4f0DEKpRN8xo,spotify:track:4qb73E397r4f0DEKpRN8xo
daniel,A Place Called Home,PJ Harvey,PJ Harvey,"Stories From The City, Stories From The Sea",45,60,1193897,art pop; singer-songwriter,2000-01-01,3:42,False,https://open.spotify.com/track/4QmBs5a3mFFLaLA1QTEVrN,spotify:track:4QmBs5a3mFFLaLA1QTEVrN
daniel,Fragments of Time (feat. Todd Edwards),Daft Punk,Daft Punk; Todd Edwards,Random Access Memories,61,84,10762214,french house; electronic; electro,2013-05-20,4:39,False,https://open.spotify.com/track/0IedgQjjJ8Ad4B3UDQ5Lyn,spotify:track:0IedgQjjJ8Ad4B3UDQ5Lyn
daniel,Glowing Jellyfish,Casiio,Casiio; Kainbeats,Submerged,53,65,18748,lo-fi hip hop; lo-fi; lo-fi beats,2024-09-19,2:48,False,https://open.spotify.com/track/1fzZOCmBgOab0rC0llMZnX,spotify:track:1fzZOCmBgOab0rC0llMZnX
daniel,i hope this never ends,Jhove,Jhove; kokoro,new beginnings,50,58,16081,lo-fi hip hop; lo-fi; lo-fi beats,2021-11-10,2:36,False,https://open.spotify.com/track/6jRcP1mlu2lqAmbod8s5Ng,spotify:track:6jRcP1mlu2lqAmbod8s5Ng
daniel,By My Own,Robot95,Robot95,By My Own,57,61,327419,mexican hip hop; latin hip hop,2019-08-16,3:40,False,https://open.spotify.com/track/1XiptdPHH8raaPDU3gdrWW,spotify:track:1XiptdPHH8raaPDU3gdrWW
daniel,a lonely star,Jhove,Jhove,falling dreams,49,58,16081,lo-fi hip hop; lo-fi; lo-fi beats,2021-02-21,3:37,False,https://open.spotify.com/track/7c1VFRJucQcoD5Lr4wWzQK,spotify:track:7c1VFRJucQcoD5Lr4wWzQK
daniel,Boardwalk,The Rollin' Deep,The Rollin' Deep,Boardwalk,45,58,27494,,2023-05-02,2:06,False,https://open.spotify.com/track/0yKuT1aQfD3scmghGoZIc3,spotify:track:0yKuT1aQfD3scmghGoZIc3
daniel,The Prophecy,Taylor Swift,Taylor Swift,THE TORTURED POETS DEPARTMENT: THE ANTHOLOGY,75,100,143779242,,2024-04-19,4:09,False,https://open.spotify.com/track/18WFFUIsewmA8g31KAeo3e,spotify:track:18WFFUIsewmA8g31KAeo3e
daniel,quilted,Theo Aabel,Theo Aabel; after noon,sova,41,50,2149,lo-fi,2025-08-13,2:25,False,https://open.spotify.com/track/6SZbqGCWByCrKsTpDGMa0C,spotify:track:6SZbqGCWByCrKsTpDGMa0C
daniel,Tomorrows That Follow,ENRA,ENRA; Sleepermane,Tomorrows That Follow,50,52,7694,lo-fi hip hop; lo-fi; lo-fi beats,2020-04-20,1:48,False,https://open.spotify.com/track/3CmbDtBTbcB8r1EDi2FSV4,spotify:track:3CmbDtBTbcB8r1EDi2FSV4
daniel,Everything Gone,Mujo,Mujo; Jhove; Sweet Medicine,Better Days,50,58,30837,lo-fi; lo-fi hip hop; lo-fi beats; jazz beats,2021-08-30,1:53,False,https://open.spotify.com/track/68fioc6fEksWsxWj8p73Nf,spotify:track:68fioc6fEksWsxWj8p73Nf
daniel,Garden of Dreams,Peaceful Reveries,Peaceful Reveries,Blooming Beauties & Spring Breeze,34,39,3427,,2025-05-22,2:39,False,https://open.spotify.com/track/1zp9QxdvBq3UEemkM32bdw,spotify:track:1zp9QxdvBq3UEemkM32bdw
daniel,Masked Girl,Mujo,Mujo,Masked Girl,45,58,30837,lo-fi; lo-fi hip hop; lo-fi beats; jazz beats,2025-03-20,1:43,False,https://open.spotify.com/track/0O3D6cvWrjWuQENLzkKUev,spotify:track:0O3D6cvWrjWuQENLzkKUev
daniel,By the Lighthouse,Kurt Stewart,Kurt Stewart; Lomme,Beach Cat,48,53,3979,lo-fi hip hop; lo-fi; lo-fi beats,2025-07-15,2:19,False,https://open.spotify.com/track/2qWIknaCE5ok95u2KkVUhD,spotify:track:2qWIknaCE5ok95u2KkVUhD
daniel,Central Park,Vwillz,Vwillz; mike.,Central Park,47,56,95305,,2025-03-14,2:49,True,https://open.spotify.com/track/5CSCpV7F9ZJZqFTOYxGoAw,spotify:track:5CSCpV7F9ZJZqFTOYxGoAw
daniel,Underneath - Radio Mix,DJ Antoine,DJ Antoine,Underneath,37,65,448632,,2008-11-17,3:43,False,https://open.spotify.com/track/0m2QMK30CoRqub4f09MqYY,spotify:track:0m2QMK30CoRqub4f09MqYY
daniel,Stargazing,Myles Smith,Myles Smith,Stargazing,85,78,1284859,,2024-05-10,2:52,False,https://open.spotify.com/track/3Vr3zh0r7ALn8VLqCiRR10,spotify:track:3Vr3zh0r7ALn8VLqCiRR10
daniel,Balcony Daze,Mr. Käfer,Mr. Käfer; Phlocalyst,Balcony Daze,49,55,12247,lo-fi hip hop; lo-fi beats; lo-fi; jazz beats; jazz rap,2025-06-27,2:00,False,https://open.spotify.com/track/7IowvBph1ihjDaSleU5wO3,spotify:track:7IowvBph1ihjDaSleU5wO3
daniel,minimal thoughts,créature sonore,créature sonore; Chillhop World,utopian drowsiness,44,55,2706,lo-fi; jazz beats,2025-05-16,2:02,False,https://open.spotify.com/track/6xHeL4NIoCrQP5e4eVE8UH,spotify:track:6xHeL4NIoCrQP5e4eVE8UH
daniel,The Zephyr Song,Red Hot Chili Peppers,Red Hot Chili Peppers,By the Way (Deluxe Edition),76,86,23078616,funk rock; alternative rock; rock,2002-07-09,3:51,False,https://open.spotify.com/track/1ndGB6rvxKYN9seCYO1dTF,spotify:track:1ndGB6rvxKYN9seCYO1dTF
daniel,Depths,Hillsong Worship,Hillsong Worship,No Other Name,40,78,7126860,worship; christian; pop worship; ccm; gospel,2014-07-01,6:17,False,https://open.spotify.com/track/6X6wIzuxsh7GVNMPz1xTNa,spotify:track:6X6wIzuxsh7GVNMPz1xTNa
ricardo,Uprising,Muse,Muse,The Resistance,78,79,8427101,alternative rock; rock,2009-09-10,5:04,False,https://open.spotify.com/track/4VqPOruhp5EdPBeR92t6lQ,spotify:track:4VqPOruhp5EdPBeR92t6lQ
ricardo,Welcome To The Jungle,Guns N' Roses,Guns N' Roses,Appetite For Destruction,83,83,34925646,rock; glam metal; hard rock; classic rock,1987-07-21,4:33,True,https://open.spotify.com/track/0G21yYKMZoHa30cYVi1iA8,spotify:track:0G21yYKMZoHa30cYVi1iA8
ricardo,Undone - The Sweater Song,Weezer,Weezer,Weezer,71,77,4549502,alternative rock,1994-05-10,5:05,False,https://open.spotify.com/track/5WhtlIoxoZrMmuaWWEQhwV,spotify:track:5WhtlIoxoZrMmuaWWEQhwV
ricardo,"Era um Garoto, Que Como Eu, Amava os Beatles e os Rolling Stones",Engenheiros Do Hawaii,Engenheiros Do Hawaii,O Papa É Pop,62,69,2630480,brazilian rock; mpb; brazilian pop; pop rock,1990-10-22,4:25,False,https://open.spotify.com/track/5HDlh6UhT3AMQs935wE1qr,spotify:track:5HDlh6UhT3AMQs935wE1qr
ricardo,Até O Fim - Ao Vivo,Engenheiros Do Hawaii,Engenheiros Do Hawaii,Acústico (Ao Vivo / Deluxe),65,69,2630480,brazilian rock; mpb; brazilian pop; pop rock,2004,3:38,False,https://open.spotify.com/track/1fa1CGNcZTB1HYh4ut8nb3,spotify:track:1fa1CGNcZTB1HYh4ut8nb3
ricardo,Wish You Were Here,Pink Floyd,Pink Floyd,Wish You Were Here,81,83,22589124,progressive rock; psychedelic rock; classic rock; art rock; rock,1975-09-12,5:34,False,https://open.spotify.com/track/6mFkJmJqdDVQ1REhVfGgd1,spotify:track:6mFkJmJqdDVQ1REhVfGgd1
ricardo,Sultans Of Swing,Dire Straits,Dire Straits,Dire Straits,83,81,8772914,classic rock,1978-10-07,5:48,False,https://open.spotify.com/track/37Tmv4NnfQeb0ZgUC4fOJj,spotify:track:37Tmv4NnfQeb0ZgUC4fOJj
ricardo,About A Girl,Nirvana,Nirvana,Bleach,76,85,23149119,grunge; rock,1989-06-01,2:48,False,https://open.spotify.com/track/2SHTKB8YYlawTGIuJ2b2ok,spotify:track:2SHTKB8YYlawTGIuJ2b2ok
ricardo,Down To The Waterline,Dire Straits,Dire Straits,Dire Straits,68,81,8772914,classic rock,1978-10-07,4:01,False,https://open.spotify.com/track/7fYKKFD0jiSlMDgG9IUs1q,spotify:track:7fYKKFD0jiSlMDgG9IUs1q
ricardo,Holiday,Green Day,Green Day,Holiday,69,85,17202361,punk; pop punk,2005-03-30,3:53,False,https://open.spotify.com/track/5vfjUAhefN7IjHbTvVCT4Z,spotify:track:5vfjUAhefN7IjHbTvVCT4Z
ricardo,Refrão De Bolero - Ao Vivo,Engenheiros Do Hawaii,Engenheiros Do Hawaii,Acústico (Ao Vivo / Deluxe),63,69,2630480,brazilian rock; mpb; brazilian pop; pop rock,2004,3:22,False,https://open.spotify.com/track/78AuK7p3Wj5a1cvIqfX5cp,spotify:track:78AuK7p3Wj5a1cvIqfX5cp
ricardo,Walk Of Life - Remastered 1996,Dire Straits,Dire Straits,Brothers In Arms (Remastered 1996),79,81,8772914,classic rock,1985-05-13,4:08,False,https://open.spotify.com/track/5Hk4Mpex0s2ndUpDQ5v2rU,spotify:track:5Hk4Mpex0s2ndUpDQ5v2rU
ricardo,Lithium,Nirvana,Nirvana,Nevermind (Remastered),74,85,23149119,grunge; rock,1991-09-26,4:17,False,https://open.spotify.com/track/5vHLwhxxlGzmClMcxRRFPr,spotify:track:5vHLwhxxlGzmClMcxRRFPr
ricardo,Madness,Muse,Muse,The 2nd Law,69,79,8427101,alternative rock; rock,2012-09-24,4:41,False,https://open.spotify.com/track/0c4IEciLCDdXEhhKxj4ThA,spotify:track:0c4IEciLCDdXEhhKxj4ThA
ricardo,Master Of Puppets,Metallica,Metallica,Master Of Puppets (Remastered),78,86,31899819,metal; thrash metal; rock; heavy metal; hard rock,1986-03-03,8:35,False,https://open.spotify.com/track/2MuWTIM3b0YEAskbeeFE1i,spotify:track:2MuWTIM3b0YEAskbeeFE1i
ricardo,Basket Case,Green Day,Green Day,Dookie,83,85,17202361,punk; pop punk,1994-02-01,3:01,False,https://open.spotify.com/track/6L89mwZXSOwYl76YXfX13s,spotify:track:6L89mwZXSOwYl76YXfX13s
ricardo,Dead Leaves and the Dirty Ground,The White Stripes,The White Stripes,White Blood Cells,54,72,3514255,garage rock; blues rock; rock; alternative rock,2001-07-03,3:02,False,https://open.spotify.com/track/2ewjgFhHDTE8BkV8kzpiX2,spotify:track:2ewjgFhHDTE8BkV8kzpiX2
ricardo,Island In The Sun,Weezer,Weezer,Weezer,80,77,4549502,alternative rock,2001-05-15,3:20,False,https://open.spotify.com/track/2MLHyLy5z5l5YRp7momlgw,spotify:track:2MLHyLy5z5l5YRp7momlgw
ricardo,"One Of The Girls (with JENNIE, Lily Rose Depp)",The Weeknd,The Weeknd; JENNIE; Lily-Rose Depp,The Idol Episode 4 (Music from the HBO Original Series),91,97,111672542,,2023-06-23,4:04,False,https://open.spotify.com/track/7CyPwkp0oE8Ro9Dd5CUDjW,spotify:track:7CyPwkp0oE8Ro9Dd5CUDjW
ricardo,Paradise City,Guns N' Roses,Guns N' Roses,Appetite For Destruction,82,83,34925646,rock; glam metal; hard rock; classic rock,1987-07-21,6:45,False,https://open.spotify.com/track/6eN1f9KNmiWEhpE2RhQqB5,spotify:track:6eN1f9KNmiWEhpE2RhQqB5
ricardo,When I Come Around,Green Day,Green Day,Dookie,79,85,17202361,punk; pop punk,1994-02-01,2:58,False,https://open.spotify.com/track/1Dr1fXbc2IxaK1Mu8P8Khz,spotify:track:1Dr1fXbc2IxaK1Mu8P8Khz
ricardo,Comfortably Numb,Pink Floyd,Pink Floyd,The Wall,79,83,22589124,progressive rock; psychedelic rock; classic rock; art rock; rock,1979-11-30,6:22,False,https://open.spotify.com/track/5HNCy40Ni5BZJFw1TKzRsC,spotify:track:5HNCy40Ni5BZJFw1TKzRsC
ricardo,3 X 4 - Ao Vivo,Engenheiros Do Hawaii,Engenheiros Do Hawaii,Acústico (Ao Vivo / Deluxe),63,69,2630480,brazilian rock; mpb; brazilian pop; pop rock,2004,3:09,False,https://open.spotify.com/track/5shQSAr34JZE03N4YtlMIX,spotify:track:5shQSAr34JZE03N4YtlMIX
ricardo,Supermassive Black Hole,Muse,Muse,Black Holes and Revelations,81,79,8427101,alternative rock; rock,2006-06-28,3:32,False,https://open.spotify.com/track/3lPr8ghNDBLc2uZovNyLs9,spotify:track:3lPr8ghNDBLc2uZovNyLs9
ricardo,Boulevard of Broken Dreams,Green Day,Green Day,Greatest Hits: God's Favorite Band,72,85,17202361,punk; pop punk,2017-11-17,4:22,True,https://open.spotify.com/track/5GorCbAP4aL0EJ16frG2hd,spotify:track:5GorCbAP4aL0EJ16frG2hd
ricardo,Ball and Biscuit,The White Stripes,The White Stripes,Elephant,54,72,3514255,garage rock; blues rock; rock; alternative rock,2003-04-01,7:18,False,https://open.spotify.com/track/0O2SYh5AZ0y8MAPOVC4Mxz,spotify:track:0O2SYh5AZ0y8MAPOVC4Mxz
ricardo,"CAN'T STOP THE FEELING! (from DreamWorks Animation's ""TROLLS"")",Justin Timberlake,Justin Timberlake,"CAN'T STOP THE FEELING! (from DreamWorks Animation's ""TROLLS"")",76,85,15704023,,2016-05-06,3:56,False,https://open.spotify.com/track/6JV2JOEocMgcZxYSZelKcc,spotify:track:6JV2JOEocMgcZxYSZelKcc
ricardo,Come As You Are,Nirvana,Nirvana,Nevermind (Remastered),82,85,23149119,grunge; rock,1991-09-26,3:38,False,https://open.spotify.com/track/2RsAajgo0g7bMCHxwH3Sk0,spotify:track:2RsAajgo0g7bMCHxwH3Sk0
ricardo,All Things Must Pass (2014 Remaster),George Harrison,George Harrison,All Things Must Pass (2014 Remaster),62,71,3053134,,1970-11-20,3:46,False,https://open.spotify.com/track/1AGridgU0QAWZykQReGWk5,spotify:track:1AGridgU0QAWZykQReGWk5
ricardo,American Idiot,Green Day,Green Day,American Idiot,81,85,17202361,punk; pop punk,2004-09-21,2:56,True,https://open.spotify.com/track/6nTiIhLmQ3FWhvrGafw2zj,spotify:track:6nTiIhLmQ3FWhvrGafw2zj
ricardo,Wake Me up When September Ends,Green Day,Green Day,American Idiot,81,85,17202361,punk; pop punk,2004-09-21,4:45,False,https://open.spotify.com/track/3ZffCQKLFLUvYM59XKLbVm,spotify:track:3ZffCQKLFLUvYM59XKLbVm
ricardo,I Live for You (2014 Remaster),George Harrison,George Harrison,All Things Must Pass (2014 Remaster),60,71,3053134,,1970-11-20,3:37,False,https://open.spotify.com/track/6YU1CWbu43zkv21W0FyN10,spotify:track:6YU1CWbu43zkv21W0FyN10
ricardo,"Another Brick in the Wall, Pt. 2",Pink Floyd,Pink Floyd,The Wall,81,83,22589124,progressive rock; psychedelic rock; classic rock; art rock; rock,1979-11-30,3:58,False,https://open.spotify.com/track/4gMgiXfqyzZLMhsksGmbQV,spotify:track:4gMgiXfqyzZLMhsksGmbQV
ricardo,Have a Cigar,Pink Floyd,Pink Floyd,Wish You Were Here,74,83,22589124,progressive rock; psychedelic rock; classic rock; art rock; rock,1975-09-12,5:07,False,https://open.spotify.com/track/3CmHvyZQQAGkKkTjTBFWN6,spotify:track:3CmHvyZQQAGkKkTjTBFWN6
ricardo,Seven Nation Army - The Glitch Mob Remix,The White Stripes,The White Stripes; The Glitch Mob,Seven Nation Army (The Glitch Mob Remix),60,72,3514255,garage rock; blues rock; rock; alternative rock,2021-04-23,4:17,False,https://open.spotify.com/track/4IiuExPFijOGZnVxGsKWcc,spotify:track:4IiuExPFijOGZnVxGsKWcc
ricardo,Romeo And Juliet,Dire Straits,Dire Straits,Making Movies,72,81,8772914,classic rock,1980-10-17,6:00,False,https://open.spotify.com/track/0PNt5WTw092eED0ru9SuIp,spotify:track:0PNt5WTw092eED0ru9SuIp
ricardo,The Unforgiven - Remastered 2021,Metallica,Metallica,Metallica (Remastered 2021),74,86,31899819,metal; thrash metal; rock; heavy metal; hard rock,2021-09-10,6:27,False,https://open.spotify.com/track/5lqyqPU3JkpCbUbLmTVQPW,spotify:track:5lqyqPU3JkpCbUbLmTVQPW
ricardo,Nothing Else Matters - Remastered 2021,Metallica,Metallica,Metallica (Remastered Deluxe Box Set),82,86,31899819,metal; thrash metal; rock; heavy metal; hard rock,2021-09-10,6:28,False,https://open.spotify.com/track/6QAsrXPnMSXIbV0yEJHlEX,spotify:track:6QAsrXPnMSXIbV0yEJHlEX
ricardo,ROXANNE,Arizona Zervas,Arizona Zervas,ROXANNE,74,63,813949,,2019-10-10,2:43,True,https://open.spotify.com/track/696DnlkuDOXcMAnKlTgXXK,spotify:track:696DnlkuDOXcMAnKlTgXXK
ricardo,Walking On The Moon,The Police,The Police,Reggatta De Blanc (Remastered 2003),69,80,7478416,,1979-10-02,5:00,False,https://open.spotify.com/track/62uLNJgVZaFiEiKV4LpoYJ,spotify:track:62uLNJgVZaFiEiKV4LpoYJ
ricardo,Once Upon A Time In The West,Dire Straits,Dire Straits,Communiqué,69,81,8772914,classic rock,1979-06-15,5:24,False,https://open.spotify.com/track/0vlCOzte4bru0gK74lfUIJ,spotify:track:0vlCOzte4bru0gK74lfUIJ
ricardo,Don't Stand So Close To Me,The Police,The Police,Zenyatta Mondatta (Remastered 2003),71,80,7478416,,1980-10-03,4:02,False,https://open.spotify.com/track/5veJDT0MLsLbhYsx42GXUD,spotify:track:5veJDT0MLsLbhYsx42GXUD
ricardo,In Bloom,Nirvana,Nirvana,Nevermind (Remastered),70,85,23149119,grunge; rock,1991-09-26,4:15,False,https://open.spotify.com/track/2mvffzYUJ9Ld9xhsF5DUjU,spotify:track:2mvffzYUJ9Ld9xhsF5DUjU
ricardo,Otherside,Red Hot Chili Peppers,Red Hot Chili Peppers,Californication (Deluxe Edition),84,86,23078616,funk rock; alternative rock; rock,1999-06-08,4:15,False,https://open.spotify.com/track/64BbK9SFKH2jk86U3dGj2P,spotify:track:64BbK9SFKH2jk86U3dGj2P
ricardo,Brain Stew,Green Day,Green Day,Insomniac,80,85,17202361,punk; pop punk,1995-10-10,3:13,True,https://open.spotify.com/track/1nLnpLXvl68RZCSjfkyiaa,spotify:track:1nLnpLXvl68RZCSjfkyiaa
ricardo,Wrapped Around Your Finger - Remastered 2003,The Police,The Police,Synchronicity (Remastered 2003),67,80,7478416,,1983-06-17,5:13,False,https://open.spotify.com/track/400ZJAUFuEuIGXhr7ie4xf,spotify:track:400ZJAUFuEuIGXhr7ie4xf
ricardo,Undisclosed Desires,Muse,Muse,The Resistance,70,79,8427101,alternative rock; rock,2009-09-10,3:55,False,https://open.spotify.com/track/0It6VJoMAare1zdV2wxqZq,spotify:track:0It6VJoMAare1zdV2wxqZq
ricardo,The Hardest Button to Button,The White Stripes,The White Stripes,Elephant,62,72,3514255,garage rock; blues rock; rock; alternative rock,2003-04-01,3:32,False,https://open.spotify.com/track/3RdQfyk7BBxxIx0zSnCBIw,spotify:track:3RdQfyk7BBxxIx0zSnCBIw
ricardo,Buddy Holly,Weezer,Weezer,Weezer,77,77,4549502,alternative rock,1994-05-10,2:39,False,https://open.spotify.com/track/3mwvKOyMmG77zZRunnxp9E,spotify:track:3mwvKOyMmG77zZRunnxp9E
ricardo,Message In A Bottle,The Police,The Police,Reggatta De Blanc (Remastered 2003),77,80,7478416,,1979-10-02,4:50,False,https://open.spotify.com/track/1oYYd2gnWZYrt89EBXdFiO,spotify:track:1oYYd2gnWZYrt89EBXdFiO
ricardo,Enter Sandman - Remastered 2021,Metallica,Metallica,Metallica (Remastered Deluxe Box Set),83,86,31899819,metal; thrash metal; rock; heavy metal; hard rock,2021-09-10,5:31,False,https://open.spotify.com/track/3DwQ7AH3xGD9h65ezslm6q,spotify:track:3DwQ7AH3xGD9h65ezslm6q
ricardo,Young Lust,Pink Floyd,Pink Floyd,The Wall,72,83,22589124,progressive rock; psychedelic rock; classic rock; art rock; rock,1979-11-30,3:29,False,https://open.spotify.com/track/3xGJuHvSxFJxxYlHj5BIoT,spotify:track:3xGJuHvSxFJxxYlHj5BIoT
ricardo,Beverly Hills,Luiz Caldas,Luiz Caldas,Flor Cigana,19,44,133306,axé,1986-01-06,3:21,False,https://open.spotify.com/track/1bdnT46NGzVDLvGrbQGdA9,spotify:track:1bdnT46NGzVDLvGrbQGdA9
ricardo,Hysteria,Muse,Muse,Absolution,77,79,8427101,alternative rock; rock,2003-09-15,3:47,False,https://open.spotify.com/track/0knbMPVHpFbsx38pLoYSRs,spotify:track:0knbMPVHpFbsx38pLoYSRs
ricardo,Good Riddance (Time of Your Life),Green Day,Green Day,Nimrod,80,85,17202361,punk; pop punk,1997-10-14,2:33,True,https://open.spotify.com/track/6ORqU0bHbVCRjXm9AjyHyZ,spotify:track:6ORqU0bHbVCRjXm9AjyHyZ
ricardo,Money For Nothing - Remastered 1996,Dire Straits,Dire Straits,Brothers In Arms (Remastered 1996),76,81,8772914,classic rock,1985-05-13,8:25,True,https://open.spotify.com/track/4nFNJmjfgBF7jwv2oBC45b,spotify:track:4nFNJmjfgBF7jwv2oBC45b
ricardo,"De Do Do Do, De Da Da Da",The Police,The Police,Zenyatta Mondatta (Remastered 2003),64,80,7478416,,1980-10-03,4:07,False,https://open.spotify.com/track/0yJvWbn8xQKiDZ84VN5lQG,spotify:track:0yJvWbn8xQKiDZ84VN5lQG
ricardo,Breathe (In the Air),Pink Floyd,Pink Floyd,The Dark Side of the Moon,78,83,22589124,progressive rock; psychedelic rock; classic rock; art rock; rock,1973-03-01,2:49,False,https://open.spotify.com/track/2ctvdKmETyOzPb2GiJJT53,spotify:track:2ctvdKmETyOzPb2GiJJT53
ricardo,Fell In Love With a Girl,The White Stripes,The White Stripes,White Blood Cells,68,72,3514255,garage rock; blues rock; rock; alternative rock,2001-07-03,1:50,False,https://open.spotify.com/track/21Qsj3cMVCx2xF2EVVNbEu,spotify:track:21Qsj3cMVCx2xF2EVVNbEu
ricardo,Can't Stand Losing You,The Police,The Police,Outlandos D'Amour (Remastered 2003),65,80,7478416,,1978-11-02,2:58,False,https://open.spotify.com/track/6DjKJgwe9c90Bd2iya0fre,spotify:track:6DjKJgwe9c90Bd2iya0fre
ricardo,Every Little Thing She Does Is Magic,The Police,The Police,Ghost In The Machine (Remastered 2003),75,80,7478416,,1981-10-02,4:20,False,https://open.spotify.com/track/44aTAUBF0g6sMkMNE8I5kd,spotify:track:44aTAUBF0g6sMkMNE8I5kd
ricardo,Icky Thump,The White Stripes,The White Stripes,Icky Thump,65,72,3514255,garage rock; blues rock; rock; alternative rock,2007-06-15,4:14,False,https://open.spotify.com/track/2LMq1O0NiqGhPOlXo3McYQ,spotify:track:2LMq1O0NiqGhPOlXo3McYQ
ricardo,Plug in Baby,Muse,Muse,Origin of Symmetry,67,79,8427101,alternative rock; rock,2001,3:38,False,https://open.spotify.com/track/2UKARCqDrhkYDoVR4FN5Wi,spotify:track:2UKARCqDrhkYDoVR4FN5Wi
ricardo,Dark Necessities,Red Hot Chili Peppers,Red Hot Chili Peppers,The Getaway,76,86,23078616,funk rock; alternative rock; rock,2016-06-17,5:02,False,https://open.spotify.com/track/2oaK4JLVnmRGIO9ytBE1bt,spotify:track:2oaK4JLVnmRGIO9ytBE1bt
ricardo,Say It Ain't So - Original Mix,Weezer,Weezer,Weezer,76,77,4549502,alternative rock,1994-05-10,4:18,False,https://open.spotify.com/track/6VoIBz0VhCyz7OdEoRYDiA,spotify:track:6VoIBz0VhCyz7OdEoRYDiA
ricardo,Infinita Highway - Ao Vivo,Engenheiros Do Hawaii,Engenheiros Do Hawaii,Acústico (Ao Vivo / Deluxe),68,69,2630480,brazilian rock; mpb; brazilian pop; pop rock,2004,4:18,False,https://open.spotify.com/track/0yDvCGnKcBuv0ltINV0nuu,spotify:track:0yDvCGnKcBuv0ltINV0nuu
ricardo,Blue Orchid,The White Stripes,The White Stripes,Get Behind Me Satan,63,72,3514255,garage rock; blues rock; rock; alternative rock,2005-06-07,2:37,False,https://open.spotify.com/track/4jU7NPkz4HVnM4hweqNhI1,spotify:track:4jU7NPkz4HVnM4hweqNhI1
ricardo,Snow (Hey Oh),Red Hot Chili Peppers,Red Hot Chili Peppers,Stadium Arcadium,81,86,23078616,funk rock; alternative rock; rock,2006-05-09,5:34,False,https://open.spotify.com/track/2aibwv5hGXSgw7Yru8IYTO,spotify:track:2aibwv5hGXSgw7Yru8IYTO
ricardo,I Just Threw Out The Love Of My Dreams,Weezer,Weezer,Pinkerton - Deluxe Edition,71,77,4549502,alternative rock,1996-09-24,2:37,False,https://open.spotify.com/track/35SRuRfp5BvD1yArmXKNHO,spotify:track:35SRuRfp5BvD1yArmXKNHO
ricardo,Smells Like Teen Spirit,Nirvana,Nirvana,Nevermind (Remastered),84,85,23149119,grunge; rock,1991-09-26,5:01,False,https://open.spotify.com/track/4CeeEOM32jQcH3eN9Q2dGj,spotify:track:4CeeEOM32jQcH3eN9Q2dGj
ricardo,We're Going to Be Friends,The White Stripes,The White Stripes,White Blood Cells,69,72,3514255,garage rock; blues rock; rock; alternative rock,2001-07-03,2:20,False,https://open.spotify.com/track/13lZDbwonGhOflQLQIfdtZ,spotify:track:13lZDbwonGhOflQLQIfdtZ
ricardo,Starlight,CHA NI (SF9),CHA NI (SF9),True Beauty (Original Television Soundtrack),51,48,112189,soundtrack,2021-02-05,4:23,False,https://open.spotify.com/track/0rRANEjfIqzHFHfszRegeI,spotify:track:0rRANEjfIqzHFHfszRegeI
ricardo,Timeless (feat Playboi Carti),The Weeknd,The Weeknd; Playboi Carti,Hurry Up Tomorrow,91,97,111672542,,2025-01-31,4:16,True,https://open.spotify.com/track/0FIDCNYYjNvPVimz5icugS,spotify:track:0FIDCNYYjNvPVimz5icugS
ricardo,Last Night on Earth,Green Day,Green Day,21st Century Breakdown,76,85,17202361,punk; pop punk,2009-05-15,3:56,False,https://open.spotify.com/track/5TpPSTItCwtZ8Sltr3vdzm,spotify:track:5TpPSTItCwtZ8Sltr3vdzm
ricardo,Brothers In Arms - Remastered 1996,Dire Straits,Dire Straits,Brothers In Arms (Remastered 1996),73,81,8772914,classic rock,1985-05-13,7:00,False,https://open.spotify.com/track/3elV4E1GOKfF0MVRgdp6eU,spotify:track:3elV4E1GOKfF0MVRgdp6eU
ricardo,Hash Pipe,Weezer,Weezer,Weezer,66,77,4549502,alternative rock,2001-05-15,3:06,False,https://open.spotify.com/track/2mPMFJvQ0v27gVqe5b6nDn,spotify:track:2mPMFJvQ0v27gVqe5b6nDn
ricardo,Californication,Red Hot Chili Peppers,Red Hot Chili Peppers,Californication (Deluxe Edition),84,86,23078616,funk rock; alternative rock; rock,1999-06-08,5:29,False,https://open.spotify.com/track/48UPSzbZjgc449aqz8bxox,spotify:track:48UPSzbZjgc449aqz8bxox
ricardo,Somos Quem Podemos Ser - Ao Vivo,Engenheiros Do Hawaii,Engenheiros Do Hawaii,Acústico (Ao Vivo / Deluxe),58,69,2630480,brazilian rock; mpb; brazilian pop; pop rock,2004,3:24,False,https://open.spotify.com/track/05ysSyVvvSMqS6gxUPBOco,spotify:track:05ysSyVvvSMqS6gxUPBOco
ricardo,Give Me Love (Give Me Peace on Earth),George Harrison,George Harrison,Living in the Material World,63,71,3053134,,1973-05-30,3:35,False,https://open.spotify.com/track/1ZiN3wseympSLDIFkaWHHC,spotify:track:1ZiN3wseympSLDIFkaWHHC
ricardo,Sweet Child O' Mine,Guns N' Roses,Guns N' Roses,Appetite For Destruction,87,83,34925646,rock; glam metal; hard rock; classic rock,1987-07-21,5:56,False,https://open.spotify.com/track/7snQQk1zcKl8gZ92AnueZW,spotify:track:7snQQk1zcKl8gZ92AnueZW
ricardo,Civil War,Guns N' Roses,Guns N' Roses,Use Your Illusion II,71,83,34925646,rock; glam metal; hard rock; classic rock,1991-09-18,7:42,False,https://open.spotify.com/track/6i4Qi1mJxXjqNIL9HfJhRs,spotify:track:6i4Qi1mJxXjqNIL9HfJhRs
ricardo,My Doorbell,The White Stripes,The White Stripes,Get Behind Me Satan,53,72,3514255,garage rock; blues rock; rock; alternative rock,2005-06-07,4:01,False,https://open.spotify.com/track/0pzjcWYkyynxhONSm5C8Cu,spotify:track:0pzjcWYkyynxhONSm5C8Cu
ricardo,Got My Mind Set on You,George Harrison,George Harrison,Cloud Nine,74,71,3053134,,1987-11-02,3:54,False,https://open.spotify.com/track/4wswaG5vmNINMZcVBsAyBP,spotify:track:4wswaG5vmNINMZcVBsAyBP
ricardo,Heart-Shaped Box,Nirvana,Nirvana,In Utero (Deluxe Edition),81,85,23149119,grunge; rock,1993-09-21,4:41,False,https://open.spotify.com/track/11LmqTE2naFULdEP94AUBa,spotify:track:11LmqTE2naFULdEP94AUBa
ricardo,MONEY,LISA,LISA,LALISA,73,79,13026059,k-pop,2021-09-10,2:48,True,https://open.spotify.com/track/7hU3IHwjX150XLoTVmjD0q,spotify:track:7hU3IHwjX150XLoTVmjD0q
ricardo,Scar Tissue,Red Hot Chili Peppers,Red Hot Chili Peppers,Californication (Deluxe Edition),85,86,23078616,funk rock; alternative rock; rock,1999-06-08,3:35,False,https://open.spotify.com/track/1G391cbiT3v3Cywg8T7DM1,spotify:track:1G391cbiT3v3Cywg8T7DM1
ricardo,Sad But True - Remastered 2021,Metallica,Metallica,Metallica (Remastered Deluxe Box Set),73,86,31899819,metal; thrash metal; rock; heavy metal; hard rock,2021-09-10,5:24,False,https://open.spotify.com/track/5ltXoDLlI0rFZAmOXbAp5T,spotify:track:5ltXoDLlI0rFZAmOXbAp5T
ricardo,I'd Have You Anytime (2014 Remaster),George Harrison,George Harrison,All Things Must Pass (2014 Remaster),58,71,3053134,,1970-11-20,2:57,False,https://open.spotify.com/track/7c37wgrjBNMnxAvGTXBJTT,spotify:track:7c37wgrjBNMnxAvGTXBJTT
ricardo,Dani California,Red Hot Chili Peppers,Red Hot Chili Peppers,Stadium Arcadium,79,86,23078616,funk rock; alternative rock; rock,2006-05-09,4:42,False,https://open.spotify.com/track/10Nmj3JCNoMeBQ87uw5j8k,spotify:track:10Nmj3JCNoMeBQ87uw5j8k
ricardo,So Far Away - Remastered 1996,Dire Straits,Dire Straits,Brothers In Arms (Remastered 1996),68,81,8772914,classic rock,1985-05-13,5:06,False,https://open.spotify.com/track/4DDyybdhC9su038YIG6JDj,spotify:track:4DDyybdhC9su038YIG6JDj
ricardo,My Name Is Jonas,Weezer,Weezer,Weezer,60,77,4549502,alternative rock,1994-05-10,3:24,False,https://open.spotify.com/track/4nzyOwogJuWn1s6QuGFZ6w,spotify:track:4nzyOwogJuWn1s6QuGFZ6w
ricardo,Fuel,Metallica,Metallica,Reload,73,86,31899819,metal; thrash metal; rock; heavy metal; hard rock,1997-01-01,4:29,True,https://open.spotify.com/track/6FUwPb4mGlUDbx42uspXaZ,spotify:track:6FUwPb4mGlUDbx42uspXaZ
ricardo,Knockin' On Heaven's Door,Bob Dylan,Bob Dylan,Pat Garrett & Billy The Kid (Soundtrack From The Motion Picture),82,77,7330337,folk rock; folk; singer-songwriter; roots rock; country rock,1973-07-13,2:29,False,https://open.spotify.com/track/6HSXNV0b4M4cLJ7ljgVVeh,spotify:track:6HSXNV0b4M4cLJ7ljgVVeh
ricardo,Six Blade Knife,Dire Straits,Dire Straits,Dire Straits,71,81,8772914,classic rock,1978-10-07,4:12,False,https://open.spotify.com/track/2miIOgni3EEut8pvYcxeYn,spotify:track:2miIOgni3EEut8pvYcxeYn
ricardo,Terra de Gigantes,Engenheiros Do Hawaii,Engenheiros Do Hawaii,A Revolta Dos Dandis,60,69,2630480,brazilian rock; mpb; brazilian pop; pop rock,1987-10-22,3:55,False,https://open.spotify.com/track/1ikL8Lemlm3N58ahyLxIvP,spotify:track:1ikL8Lemlm3N58ahyLxIvP
ricardo,Seven Nation Army,The White Stripes,The White Stripes,Elephant,83,72,3514255,garage rock; blues rock; rock; alternative rock,2003-04-01,3:52,False,https://open.spotify.com/track/3dPQuX8Gs42Y7b454ybpMR,spotify:track:3dPQuX8Gs42Y7b454ybpMR
ricardo,Every Breath You Take,The Police,The Police,Synchronicity (Remastered 2003),90,80,7478416,,1983-06-17,4:13,False,https://open.spotify.com/track/1JSTJqkT5qHq8MDJnJbRE1,spotify:track:1JSTJqkT5qHq8MDJnJbRE1
ricardo,Seek & Destroy - Remastered,Metallica,Metallica,Kill 'Em All (Remastered),71,86,31899819,metal; thrash metal; rock; heavy metal; hard rock,1983-07-24,6:54,False,https://open.spotify.com/track/28WmNsclKsrVmdv3tDmoYU,spotify:track:28WmNsclKsrVmdv3tDmoYU
ricardo,Pink Triangle,Weezer,Weezer,Pinkerton,64,77,4549502,alternative rock,1996-09-24,3:58,False,https://open.spotify.com/track/6qQGxKyy6LcyZVsWn93lyS,spotify:track:6qQGxKyy6LcyZVsWn93lyS
ricardo,21 Guns,Green Day,Green Day,21st Century Breakdown,76,85,17202361,punk; pop punk,2009-05-15,5:21,False,https://open.spotify.com/track/64yrDBpcdwEdNY9loyEGbX,spotify:track:64yrDBpcdwEdNY9loyEGbX
sofia,TV Dream,Cults,Cults,Static,46,70,1235490,,2013-10-15,1:02,False,https://open.spotify.com/track/19mZWzhbUj27oJA0cl9O9p,spotify:track:19mZWzhbUj27oJA0cl9O9p
sofia,Why'd You Only Call Me When You're High?,Arctic Monkeys,Arctic Monkeys,AM,84,88,31761814,indie; garage rock,2013-09-09,2:41,False,https://open.spotify.com/track/086myS9r57YsLbJpU0TgK9,spotify:track:086myS9r57YsLbJpU0TgK9
sofia,Colors,Halsey,Halsey,BADLANDS,71,84,22327300,,2015-08-28,4:09,False,https://open.spotify.com/track/1TnUURhehaoMWKAqQtirm6,spotify:track:1TnUURhehaoMWKAqQtirm6
sofia,Sunshine (feat. Fousheé),Steve Lacy,Steve Lacy; Fousheé,Gemini Rights,65,82,6346498,,2022-07-14,4:53,False,https://open.spotify.com/track/14Q7Qja4PJwjMsKdBZcnww,spotify:track:14Q7Qja4PJwjMsKdBZcnww
sofia,Wake Me Up,Avicii,Avicii,True,85,83,23413002,edm,2013-09-16,4:07,False,https://open.spotify.com/track/0nrRP2bk19rLc0orkWPQk2,spotify:track:0nrRP2bk19rLc0orkWPQk2
sofia,Riptide,Vance Joy,Vance Joy,Dream Your Life Away,81,78,3466984,folk pop,2014-09-08,3:24,False,https://open.spotify.com/track/7yq4Qj7cqayVTp3FF9CWbm,spotify:track:7yq4Qj7cqayVTp3FF9CWbm
sofia,C U Girl,Steve Lacy,Steve Lacy,C U Girl,76,82,6346498,,2015-02-15,2:09,False,https://open.spotify.com/track/6FBzhcfgGacfXF3AmtfEaX,spotify:track:6FBzhcfgGacfXF3AmtfEaX
sofia,Amor Viejo,Kevin Kaarl,Kevin Kaarl,Amor Viejo,68,77,8881865,latin folk; mexican indie,2018-10-30,2:17,True,https://open.spotify.com/track/3W5h65cRwTaZ1FCvEw6Ltx,spotify:track:3W5h65cRwTaZ1FCvEw6Ltx
sofia,She Cleans Up,Father John Misty,Father John Misty,Mahashmashana,49,70,952523,,2024-11-22,4:26,True,https://open.spotify.com/track/5nEkWBNfUA87RY6ZSx2aR3,spotify:track:5nEkWBNfUA87RY6ZSx2aR3
sofia,Just Like a Movie,Wallows,Wallows,Nothing Happens (5th Anniversary Edition),57,72,2996935,indie,2019-03-22,4:07,False,https://open.spotify.com/track/3FUFJ8554hnrbA7zKoU2au,spotify:track:3FUFJ8554hnrbA7zKoU2au
sofia,Abrazado a Ti,Kevin Kaarl,Kevin Kaarl,San Lucas,73,77,8881865,latin folk; mexican indie,2019-11-07,3:35,False,https://open.spotify.com/track/455RH9fblZ8Onelsd9D7K7,spotify:track:455RH9fblZ8Onelsd9D7K7
sofia,It's Oh So Quiet,Björk,Björk,Post,56,67,2423227,art pop; trip hop,1995-06-13,3:40,False,https://open.spotify.com/track/45Ok4AREEWfPIBZ4ylCXK7,spotify:track:45Ok4AREEWfPIBZ4ylCXK7
sofia,Freaking Out the Neighborhood,Mac DeMarco,Mac DeMarco,2,76,83,7901077,indie; lo-fi indie,2012-10-16,2:53,False,https://open.spotify.com/track/3HlK8txWAdtKMrbsqX40pl,spotify:track:3HlK8txWAdtKMrbsqX40pl
sofia,Calling After Me,Wallows,Wallows,Model,71,72,2996935,indie,2024-05-24,3:07,False,https://open.spotify.com/track/6YVajR33kCWLhWpMVD8AGD,spotify:track:6YVajR33kCWLhWpMVD8AGD
sofia,Promise,Laufey,Laufey,Bewitched,79,87,8238492,,2023-09-08,3:54,False,https://open.spotify.com/track/08PdFBcXzpkn1cWNgmKqhn,spotify:track:08PdFBcXzpkn1cWNgmKqhn
sofia,Scrawny,Wallows,Wallows,Nothing Happens,65,72,2996935,indie,2019-03-22,2:46,True,https://open.spotify.com/track/1pNUmVxDiE8t6P1XxcZAv8,spotify:track:1pNUmVxDiE8t6P1XxcZAv8
sofia,Closer,Nine Inch Nails,Nine Inch Nails,The Downward Spiral (Deluxe Edition),75,74,3031188,industrial rock; industrial; industrial metal; alternative metal; nu metal,1994-03-08,6:13,True,https://open.spotify.com/track/5mc6EyF1OIEOhAkD0Gg9Lc,spotify:track:5mc6EyF1OIEOhAkD0Gg9Lc
sofia,What Was That,Lorde,Lorde,Virgin,78,84,10486847,,2025-06-27,3:29,False,https://open.spotify.com/track/7hGCCQkdyF1MX6uk339uBS,spotify:track:7hGCCQkdyF1MX6uk339uBS
sofia,Uuuu,Steve Lacy,Steve Lacy,The Lo-Fis,68,82,6346498,,2020-12-04,1:30,False,https://open.spotify.com/track/6M0EP76qW9TG4SNU0agu94,spotify:track:6M0EP76qW9TG4SNU0agu94
sofia,I Wanna Get Better,Bleachers,Bleachers,Strange Desire,61,70,902005,,2014-07-14,3:24,False,https://open.spotify.com/track/1BwhFXqoIsePt21WyWIttb,spotify:track:1BwhFXqoIsePt21WyWIttb
sofia,Clouds,RaMusic,RaMusic,Emotional Textures,14,4,36,,2004-01-07,3:00,False,https://open.spotify.com/track/6mjOxjl35wQP7hJEA6qfdx,spotify:track:6mjOxjl35wQP7hJEA6qfdx
sofia,Divine Feelings,Vance Joy,Vance Joy,Divine Feelings,66,78,3466984,folk pop,2025-09-03,3:28,False,https://open.spotify.com/track/3D4JBITefQuOsZZyLdESAi,spotify:track:3D4JBITefQuOsZZyLdESAi
sofia,Green Light,Lorde,Lorde,Melodrama,76,84,10486847,,2017-06-16,3:54,False,https://open.spotify.com/track/6ie2Bw3xLj2JcGowOlcMhb,spotify:track:6ie2Bw3xLj2JcGowOlcMhb
sofia,Rocky Mountain Way,Joe Walsh,Joe Walsh,"The Smoker You Drink, The Player You Get",66,60,1369013,classic rock; southern rock,1973-06-18,5:15,False,https://open.spotify.com/track/2XHjFJVXYlEzoDvN82h8s5,spotify:track:2XHjFJVXYlEzoDvN82h8s5
sofia,For the First Time,Mac DeMarco,Mac DeMarco,This Old Dog,83,83,7901077,indie; lo-fi indie,2017-05-05,3:02,False,https://open.spotify.com/track/2R4AlwtrrkMaRKojcTIzmL,spotify:track:2R4AlwtrrkMaRKojcTIzmL
sofia,bad idea!,girl in red,girl in red,bad idea!,72,75,8670902,bedroom pop,2019-09-03,3:39,True,https://open.spotify.com/track/57j65yC2HggQfmYNc6rdOK,spotify:track:57j65yC2HggQfmYNc6rdOK
sofia,Snap Out Of It,Arctic Monkeys,Arctic Monkeys,AM,79,88,31761814,indie; garage rock,2013-09-09,3:13,False,https://open.spotify.com/track/0NdTUS4UiNYCNn5FgVqKQY,spotify:track:0NdTUS4UiNYCNn5FgVqKQY
sofia,Be Kind (with Halsey),Marshmello,Marshmello; Halsey,Be Kind (with Halsey),72,84,34422222,edm,2020-05-01,2:52,False,https://open.spotify.com/track/3Z8FwOEN59mRMxDCtb8N0A,spotify:track:3Z8FwOEN59mRMxDCtb8N0A
sofia,She's My Collar (feat. Kali Uchis),Gorillaz,Gorillaz; Kali Uchis,Humanz (Deluxe),78,86,14219316,,2017-04-28,3:29,False,https://open.spotify.com/track/3lIxtCaROdRDuTnNBDm3n2,spotify:track:3lIxtCaROdRDuTnNBDm3n2
sofia,I Guess Time Just Makes Fools of Us All,Father John Misty,Father John Misty,Mahashmashana,47,70,952523,,2024-11-22,8:35,False,https://open.spotify.com/track/4en3xAIagTLEs5bu4gWIY2,spotify:track:4en3xAIagTLEs5bu4gWIY2
sofia,You Know What I Mean,Jeff Beck,Jeff Beck,Blow By Blow,41,57,831830,jazz fusion; blues rock; blues,1975-03-29,4:05,False,https://open.spotify.com/track/6weAJYgtmoJeRObdOHxqxi,spotify:track:6weAJYgtmoJeRObdOHxqxi
sofia,Venus As A Boy,Björk,Björk,Debut,60,67,2423227,art pop; trip hop,1993-07-05,4:42,False,https://open.spotify.com/track/48oX55j4gqDw0G80KxzpaQ,spotify:track:48oX55j4gqDw0G80KxzpaQ
sofia,Hemingway,girl in red,girl in red,Hemingway,62,75,8670902,bedroom pop,2025-05-30,3:16,False,https://open.spotify.com/track/1BBVsOxgQ2soUs87ypiMZH,spotify:track:1BBVsOxgQ2soUs87ypiMZH
sofia,Nice Shoes,Steve Lacy,Steve Lacy,Nice Shoes,69,82,6346498,,2025-08-15,3:15,True,https://open.spotify.com/track/26RtX0MphIh9C7ZWJEogJL,spotify:track:26RtX0MphIh9C7ZWJEogJL
sofia,20191009 I Like Her,Mac DeMarco,Mac DeMarco,One Wayne G,72,83,7901077,indie; lo-fi indie,2023-04-21,2:16,False,https://open.spotify.com/track/3oUn55qKRZ1JFzfQNbJjS1,spotify:track:3oUn55qKRZ1JFzfQNbJjS1
sofia,Mess Is Mine,Vance Joy,Vance Joy,Dream Your Life Away (Deluxe Edition),74,78,3466984,folk pop,2014-08-05,3:43,False,https://open.spotify.com/track/6IJXxWAHTVORSyl7lT5pkY,spotify:track:6IJXxWAHTVORSyl7lT5pkY
sofia,My Kind of Woman,Mac DeMarco,Mac DeMarco,2,82,83,7901077,indie; lo-fi indie,2012-10-16,3:10,False,https://open.spotify.com/track/6jgkEbmQ2F2onEqsEhiliL,spotify:track:6jgkEbmQ2F2onEqsEhiliL
sofia,Trouble,Frank,Frank,Life By The Hour,41,26,1336,,2003-01-01,4:49,False,https://open.spotify.com/track/0IWIN0WjfDiUZw4XNYGfdn,spotify:track:0IWIN0WjfDiUZw4XNYGfdn
sofia,Bad Dreams,Teddy Swims,Teddy Swims,Bad Dreams,79,87,5521328,,2024-09-13,3:04,False,https://open.spotify.com/track/3nHuKdFJZm78CoeBnDcFKe,spotify:track:3nHuKdFJZm78CoeBnDcFKe
sofia,Margaret (feat. Bleachers),Lana Del Rey,Lana Del Rey; Bleachers,Did you know that there's a tunnel under Ocean Blvd,80,92,51025662,,2023-03-24,5:39,False,https://open.spotify.com/track/1o82DwNisONAd2mu1RcGE6,spotify:track:1o82DwNisONAd2mu1RcGE6
sofia,Control,Halsey,Halsey,BADLANDS (Deluxe),71,84,22327300,,2015-08-28,3:34,False,https://open.spotify.com/track/3SKzTIl9mW0DadTys9SFo3,spotify:track:3SKzTIl9mW0DadTys9SFo3
sofia,i'll die anyway.,girl in red,girl in red,i'll die anyway.,62,75,8670902,bedroom pop,2019-07-17,3:12,False,https://open.spotify.com/track/14tud1FLjpHMYHpD2c7NbO,spotify:track:14tud1FLjpHMYHpD2c7NbO
sofia,505,Arctic Monkeys,Arctic Monkeys,Favourite Worst Nightmare,86,88,31761814,indie; garage rock,2007-04-22,4:13,False,https://open.spotify.com/track/0BxE4FqsDD1Ot4YuBXwAPp,spotify:track:0BxE4FqsDD1Ot4YuBXwAPp
sofia,Habits,Scott Bradlee's Postmodern Jukebox,Scott Bradlee's Postmodern Jukebox; Haley Reinhart,Selfies on Kodachrome,64,61,1200084,swing music; electro swing,2015-01-13,3:35,False,https://open.spotify.com/track/3wMJQ5qeN02ljNn3lRMVka,spotify:track:3wMJQ5qeN02ljNn3lRMVka
sofia,Seeing Stars,BØRNS,BØRNS,Candy,43,69,1368303,,2014-11-10,3:09,False,https://open.spotify.com/track/7HwoUfASF7xwt4vFEhkQF3,spotify:track:7HwoUfASF7xwt4vFEhkQF3
sofia,Nancy From Now On,Father John Misty,Father John Misty,Fear Fun,63,70,952523,,2012-05-01,3:54,False,https://open.spotify.com/track/77RNVzAVwqWiZrZuWqMV2i,spotify:track:77RNVzAVwqWiZrZuWqMV2i
sofia,Static,FLAVOR FOLEY,FLAVOR FOLEY,Static,65,62,80114,vocaloid,2025-05-25,4:04,False,https://open.spotify.com/track/0LM5WETPwSiXS5iqOO0Hua,spotify:track:0LM5WETPwSiXS5iqOO0Hua
sofia,summer depression,girl in red,girl in red,summer depression,62,75,8670902,bedroom pop,2018-03-03,2:31,True,https://open.spotify.com/track/3SEZEyvEALlomED5xFeqOs,spotify:track:3SEZEyvEALlomED5xFeqOs
sofia,Ready To Let Go,Cage The Elephant,Cage The Elephant,Social Cues,61,77,4275901,,2019-04-19,3:07,False,https://open.spotify.com/track/4UyAtnwhaKv7EG1BdkBYRI,spotify:track:4UyAtnwhaKv7EG1BdkBYRI
sofia,Goodie Bag,Still Woozy,Still Woozy,Goodie Bag,70,65,1086161,bedroom pop,2017-11-05,2:26,True,https://open.spotify.com/track/4vHNeBWDQpVCmGbaccrRzi,spotify:track:4vHNeBWDQpVCmGbaccrRzi
sofia,All Is Full Of Love,Björk,Björk,Family Tree,56,67,2423227,art pop; trip hop,2002-11-04,4:46,False,https://open.spotify.com/track/5nVoXq0Q239GpJIRG8n4rZ,spotify:track:5nVoXq0Q239GpJIRG8n4rZ
sofia,"10,000 Emerald Pools",BØRNS,BØRNS,Dopamine,67,69,1368303,,2015-10-16,2:54,False,https://open.spotify.com/track/2pA4ip3VIEVcIa3qE02oAX,spotify:track:2pA4ip3VIEVcIa3qE02oAX
sofia,Tiny Moves,Bleachers,Bleachers,Bleachers,57,70,902005,,2024-03-08,3:48,False,https://open.spotify.com/track/4yTqr0F1vVAY2pUCRiRpr9,spotify:track:4yTqr0F1vVAY2pUCRiRpr9
sofia,All The Small Things,blink-182,blink-182,Enema Of The State,82,80,9234415,pop punk; punk; rock; skate punk; emo,1999-06-01,2:47,False,https://open.spotify.com/track/2m1hi0nfMR9vdGC8UcrnwU,spotify:track:2m1hi0nfMR9vdGC8UcrnwU
sofia,Trying To Be Cool,Phoenix,Phoenix,Bankrupt!,53,67,1940241,indie,2013-04-23,3:48,False,https://open.spotify.com/track/3adprsGoZuParw5pyhhLCc,spotify:track:3adprsGoZuParw5pyhhLCc
sofia,Keep Your Head Up,Ben Howard,Ben Howard,Every Kingdom,64,66,1999290,indie folk; folk pop,2011-01-01,4:24,False,https://open.spotify.com/track/5fpEDGQX0Ah3utGnFYulQZ,spotify:track:5fpEDGQX0Ah3utGnFYulQZ
sofia,Knee Socks,Arctic Monkeys,Arctic Monkeys,AM,75,88,31761814,indie; garage rock,2013-09-09,4:17,False,https://open.spotify.com/track/2LGdO5MtFdyphi2EihANZG,spotify:track:2LGdO5MtFdyphi2EihANZG
sofia,Gilded Lily,Cults,Cults,Offering,76,70,1235490,,2022-10-26,3:32,False,https://open.spotify.com/track/3Z0qLOS0cqWKPHXkbTXmNF,spotify:track:3Z0qLOS0cqWKPHXkbTXmNF
sofia,Ribs,Lorde,Lorde,Pure Heroine,84,84,10486847,,2013-09-27,4:18,False,https://open.spotify.com/track/2MvvoeRt8NcOXWESkxWn3g,spotify:track:2MvvoeRt8NcOXWESkxWn3g
sofia,Your Apartment,Wallows,Wallows,Model,59,72,2996935,indie,2024-05-24,3:18,False,https://open.spotify.com/track/2go1eoJbYJafnVjhIumuP8,spotify:track:2go1eoJbYJafnVjhIumuP8
sofia,Lisztomania,Phoenix,Phoenix,Wolfgang Amadeus Phoenix,71,67,1940241,indie,2009-05-25,4:01,False,https://open.spotify.com/track/4esUVfYnFcCCVHntx9FQCb,spotify:track:4esUVfYnFcCCVHntx9FQCb
sofia,Still D.R.E.,Dr. Dre,Dr. Dre; Snoop Dogg,2001,82,82,14953815,old school hip hop; g-funk; gangster rap; west coast hip hop; hip hop; rap,1999-11-16,4:30,True,https://open.spotify.com/track/503OTo2dSqe7qk76rgsbep,spotify:track:503OTo2dSqe7qk76rgsbep
sofia,Maple Syrup,The Backseat Lovers,The Backseat Lovers,When We Were Friends,71,70,857860,,2019-01-27,4:03,False,https://open.spotify.com/track/4MXE6VCvTsQitHWrAxj7Kg,spotify:track:4MXE6VCvTsQitHWrAxj7Kg
sofia,Jóga,Björk,Björk,Homogenic,44,67,2423227,art pop; trip hop,1997-09-22,5:05,False,https://open.spotify.com/track/3nschTSboTkjPwgdbrRLyf,spotify:track:3nschTSboTkjPwgdbrRLyf
sofia,Dirty Harry (feat. Bootie Brown),Gorillaz,Gorillaz; Bootie Brown,Demon Days,78,86,14219316,,2005-05-23,3:50,False,https://open.spotify.com/track/2bfGNzdiRa1jXZRdfssSzR,spotify:track:2bfGNzdiRa1jXZRdfssSzR
sofia,Boy With Luv (feat. Halsey),BTS,BTS; Halsey,MAP OF THE SOUL : PERSONA,76,89,80882470,k-pop,2019-04-12,3:49,False,https://open.spotify.com/track/4a9tbd947vo9K8Vti9JwcI,spotify:track:4a9tbd947vo9K8Vti9JwcI
sofia,1901,Phoenix,Phoenix,Wolfgang Amadeus Phoenix,72,67,1940241,indie,2009-05-25,3:13,False,https://open.spotify.com/track/68hYdj3GepWm2R202KhJT7,spotify:track:68hYdj3GepWm2R202KhJT7
sofia,Past Lives,sapientdream,sapientdream; Slushii,Past Lives,74,61,221531,,2023-07-14,2:33,False,https://open.spotify.com/track/3oELxRDbAzyvOodhd5FQzB,spotify:track:3oELxRDbAzyvOodhd5FQzB
sofia,Fences,Paramore,Paramore,Riot!,53,83,9715497,pop punk; emo,2007-06-12,3:18,False,https://open.spotify.com/track/1GLco0U2FinSfaZuAXWsw3,spotify:track:1GLco0U2FinSfaZuAXWsw3
sofia,San Lucas,Kevin Kaarl,Kevin Kaarl,San Lucas,76,77,8881865,latin folk; mexican indie,2019-11-07,4:07,False,https://open.spotify.com/track/75UMtPC77vqKRwfSuYuNPO,spotify:track:75UMtPC77vqKRwfSuYuNPO
sofia,On Melancholy Hill,Gorillaz,Gorillaz,Plastic Beach,84,86,14219316,,2010-03-03,3:53,False,https://open.spotify.com/track/0q6LuUqGLUiCPP1cbdwFs3,spotify:track:0q6LuUqGLUiCPP1cbdwFs3
sofia,Buzzcut Season,Lorde,Lorde,Pure Heroine,78,84,10486847,,2013-09-27,4:06,False,https://open.spotify.com/track/51QEyJI5M7uyd8DOh9tqQY,spotify:track:51QEyJI5M7uyd8DOh9tqQY
sofia,Camionete Inteira,Conrado & Aleksandro,Conrado & Aleksandro,Lobos,53,55,931422,sertanejo; sertanejo universitário; agronejo; arrocha,2014-08-25,2:34,False,https://open.spotify.com/track/5TWUgHoaAntL7mtLUUv3ny,spotify:track:5TWUgHoaAntL7mtLUUv3ny
sofia,Again (feat. XXXTENTACION),Noah Cyrus,Noah Cyrus; XXXTENTACION,Again (feat. XXXTENTACION),85,76,2019319,,2017-09-22,3:13,False,https://open.spotify.com/track/2S2od3hT7ceytw7d1pTRuE,spotify:track:2S2od3hT7ceytw7d1pTRuE
sofia,After Midnight (feat. Clairo),Phoenix,Phoenix; Clairo,After Midnight (feat. Clairo),52,67,1940241,indie,2023-03-16,3:08,False,https://open.spotify.com/track/0KIpuVYhKUUUpjo6H5NvBY,spotify:track:0KIpuVYhKUUUpjo6H5NvBY
sofia,Monolithic,Killington Pit,Killington Pit,Monolithic,42,32,2996,,2025-07-18,3:43,False,https://open.spotify.com/track/0N1n43MCLpleBRwskFiqcp,spotify:track:0N1n43MCLpleBRwskFiqcp
sofia,Holy Ghost,Omah Lay,Omah Lay,Holy Ghost,70,77,5379276,afrobeats; afrobeat; afropop; afro r&b; afropiano; afro soul,2023-11-09,3:06,False,https://open.spotify.com/track/0zVk3uuV9UhxAt48F3OL12,spotify:track:0zVk3uuV9UhxAt48F3OL12
sofia,David,Lorde,Lorde,Virgin,80,84,10486847,,2025-06-27,3:24,False,https://open.spotify.com/track/6ghDayhHeBXAP4OOnnrFW9,spotify:track:6ghDayhHeBXAP4OOnnrFW9
sofia,Snowbank Blues,The Backseat Lovers,The Backseat Lovers,Waiting to Spill,64,70,857860,,2022-10-28,3:17,False,https://open.spotify.com/track/3SsGrCb1eaSpGhRDqPaTln,spotify:track:3SsGrCb1eaSpGhRDqPaTln
sofia,Colapso,Dri,Dri,Colapso,39,41,58332,,2021-10-22,2:49,False,https://open.spotify.com/track/0Cx4KEc6NA0xMKaxaycBwH,spotify:track:0Cx4KEc6NA0xMKaxaycBwH
sofia,Dopamine - GISELLE Solo,aespa,aespa,SYNK : PARALLEL LINE - Special Digital Single,63,82,9621676,k-pop,2024-10-09,3:14,False,https://open.spotify.com/track/6pIuPm3u7QgUFAX1V0D9wY,spotify:track:6pIuPm3u7QgUFAX1V0D9wY
sofia,Es Que Yo Te Quiero A Ti,Kevin Kaarl,Kevin Kaarl,Es Que Yo Te Quiero A Ti,68,77,8881865,latin folk; mexican indie,2020-11-13,5:23,False,https://open.spotify.com/track/7KvX1d2BMXXLXt3Kuq5atu,spotify:track:7KvX1d2BMXXLXt3Kuq5atu
sofia,Saturday Sun,Vance Joy,Vance Joy,Nation of Two,68,78,3466984,folk pop,2018-02-23,3:34,False,https://open.spotify.com/track/2RiBogNRfulkNf7fVbPOrJ,spotify:track:2RiBogNRfulkNf7fVbPOrJ
sofia,no me culpes por sentir,Kevin Kaarl,Kevin Kaarl,ULTRA SODADE,65,77,8881865,latin folk; mexican indie,2025-02-14,3:48,False,https://open.spotify.com/track/2XgCopGQ3HzMhxNPOYrW85,spotify:track:2XgCopGQ3HzMhxNPOYrW85
sofia,Come To Me,Björk,Björk,Debut,56,67,2423227,art pop; trip hop,1993-07-05,4:55,False,https://open.spotify.com/track/17tCBb8odaNBZivCojHhvw,spotify:track:17tCBb8odaNBZivCojHhvw
sofia,Hyper-ballad,Björk,Björk,Post,53,67,2423227,art pop; trip hop,1995-06-13,5:21,False,https://open.spotify.com/track/2w0wVOiydK5a5e5UqffWwS,spotify:track:2w0wVOiydK5a5e5UqffWwS
sofia,Si Supieras,Daddy Yankee,Daddy Yankee; Wisin & Yandel,Si Supieras,70,89,37665073,reggaeton; latin,2019-06-28,4:01,False,https://open.spotify.com/track/7MRU4vOkywuhZ9kbFiPuiu,spotify:track:7MRU4vOkywuhZ9kbFiPuiu
sofia,Hollywood Forever Cemetery Sings,Father John Misty,Father John Misty,Fear Fun,58,70,952523,,2012-05-01,3:10,False,https://open.spotify.com/track/3O30ywyRk6EKT68sBvVqOP,spotify:track:3O30ywyRk6EKT68sBvVqOP
sofia,Real Love Baby,Father John Misty,Father John Misty,Real Love Baby,77,70,952523,,2016-07-26,3:09,False,https://open.spotify.com/track/0Z57YWES04xGh3AImDz6Qr,spotify:track:0Z57YWES04xGh3AImDz6Qr
sofia,Still Beating,Mac DeMarco,Mac DeMarco,This Old Dog,72,83,7901077,indie; lo-fi indie,2017-05-05,3:01,False,https://open.spotify.com/track/4LpUpiYoZ2M3Z1kmhn4EQo,spotify:track:4LpUpiYoZ2M3Z1kmhn4EQo
sofia,New Gold (feat. Tame Impala and Bootie Brown),Gorillaz,Gorillaz; Tame Impala; Bootie Brown,Cracker Island,75,86,14219316,,2023-02-24,3:35,True,https://open.spotify.com/track/60SvhHtwefT0e2G7i7kOH3,spotify:track:60SvhHtwefT0e2G7i7kOH3
sofia,Without Me,Halsey,Halsey,Manic,82,84,22327300,,2020-01-17,3:21,True,https://open.spotify.com/track/6FZDfxM3a3UCqtzo5pxSLZ,spotify:track:6FZDfxM3a3UCqtzo5pxSLZ
sofia,Broken Boy,Cage The Elephant,Cage The Elephant,Social Cues,61,77,4275901,,2019-04-19,2:43,False,https://open.spotify.com/track/0RbcDELsGTciLeMGsSdJAc,spotify:track:0RbcDELsGTciLeMGsSdJAc
sofia,Goodbye Mr. Blue,Father John Misty,Father John Misty,Chloë and the Next 20th Century,52,70,952523,,2022-04-08,5:00,False,https://open.spotify.com/track/7ydJaSdC8Au68eYgspNznY,spotify:track:7ydJaSdC8Au68eYgspNznY
sofia,Girls Just Want to Have Fun,Cyndi Lauper,Cyndi Lauper,She's So Unusual,81,74,3248719,,1983-10-14,3:58,False,https://open.spotify.com/track/4y1LsJpmMti1PfRQV9AWWe,spotify:track:4y1LsJpmMti1PfRQV9AWWe
sofia,Pool House,The Backseat Lovers,The Backseat Lovers,When We Were Friends,71,70,857860,,2019-01-27,4:29,False,https://open.spotify.com/track/74f0dpqHhTeTJzs4pmZ1yq,spotify:track:74f0dpqHhTeTJzs4pmZ1yq
sofia,Ain't No Rest For The Wicked - Original Version,Cage The Elephant,Cage The Elephant,Cage The Elephant,66,77,4275901,,2008-01-01,2:55,False,https://open.spotify.com/track/7tCHpjktA50ihtkLz6bAnn,spotify:track:7tCHpjktA50ihtkLz6bAnn
sofia,I'm Writing a Novel,Father John Misty,Father John Misty,Fear Fun,52,70,952523,,2012-05-01,3:35,False,https://open.spotify.com/track/2gUwnJ5cpl40TSlqmjfqAC,spotify:track:2gUwnJ5cpl40TSlqmjfqAC
sofia,Shapeshifter,Lorde,Lorde,Virgin,72,84,10486847,,2025-06-27,4:17,False,https://open.spotify.com/track/0vtgMfyOVM2Y97DcVVJw3m,spotify:track:0vtgMfyOVM2Y97DcVVJw3m
sofia,Arabella,Arctic Monkeys,Arctic Monkeys,AM,76,88,31761814,indie; garage rock,2013-09-09,3:27,False,https://open.spotify.com/track/7nzsY8vlnKdvGOEE0rjAXZ,spotify:track:7nzsY8vlnKdvGOEE0rjAXZ
