track_name,primary_artist_name,all_artists,album_name,track_popularity,artist_popularity,artist_followers,artist_genres,album_release_date,duration_readable,is_explicit,track_url,track_uri,lastfm_listeners,lastfm_playcount,lastfm_tags,mb_country,mb_area,mb_tags,mb_score,mb_career_start,mb_career_end,mb_artist_type,mb_gender,lastfm_track_listeners,lastfm_track_playcount,lastfm_track_tags,external_source
comeaway (and their defeated hearts became the fruit of your sword),Oxhy,Oxhy; Heith,the names of god,,,,,2025-07-08,4:16,False,https://open.spotify.com/track/716GtQLZGCtpf8iEqR1aMy,spotify:track:716GtQLZGCtpf8iEqR1aMy,59485,578542,ambient; experimental; Post-Industrial; glitch; sound collage,,London,,100,,,Person,male,1083,2589,,lastfm
Sound of a Bite,X & Yde,X & Yde; Ydegirl; Xenia Xamanek,Sound of a Bite,,,,,2025-02-19,5:16,False,https://open.spotify.com/track/3JU5caFVRtBFdvOuD9Q6R6,spotify:track:3JU5caFVRtBFdvOuD9Q6R6,1896,5723,,,,,100,,,,,316,708,,lastfm+mb
DRIFT REGALIA,Oli XL,Oli XL; james K,Lick The Lens – Pt.1,,,,,2025-08-27,3:29,False,https://open.spotify.com/track/2XsbmfalJ0cB7LBPFYBEEU,spotify:track:2XsbmfalJ0cB7LBPFYBEEU,128442,1668135,idm; experimental; ambient; Deconstructed Club; bass,SE,Sweden,electronic; ambient; idm; _private tag 1,100,1995,,Person,,14967,49157,,lastfm+mb
Like It or Not,The Furniture Group,The Furniture Group,Dodgy,,,,,2024-11-11,2:46,False,https://open.spotify.com/track/03Gz9fm3ptdJyb7xmYMJml,spotify:track:03Gz9fm3ptdJyb7xmYMJml,5422,40843,indie rock; rock; american; USA; dream pop,GB,United Kingdom,rock and indie,100,1979,1991,Group,,2196,7291,,lastfm+mb
The journey,Deer park,Deer park,Gun scene,,,,,2023-11-17,3:04,False,https://open.spotify.com/track/3IyTGUSSRTKqoOZPYFeZNG,spotify:track:3IyTGUSSRTKqoOZPYFeZNG,38572,465721,dream pop; indie rock; water; Played a WagonWheel show at The Grapes,US,United States,rock; alternative rock; industrial rock; metal; american,100,1996,,Group,,5181,15432,,lastfm
Preamp,Yorck Street,Yorck Street,My Small Piano,,,,,2025-09-04,1:58,False,https://open.spotify.com/track/4MwNO3JpiUT9AVDjrMpjHV,spotify:track:4MwNO3JpiUT9AVDjrMpjHV,2437,31985,,US,United States,rock; singer-songwriter; pop rock; heartland rock,100,1972,,Group,,892,3296,,lastfm+mb
June,Eterna,Eterna; Amalcrossing,Audi,,,,,2021-10-22,3:37,False,https://open.spotify.com/track/3OKG4h6VKrK1hh3lXuTzzG,spotify:track:3OKG4h6VKrK1hh3lXuTzzG,69209,781277,Power metal; Progressive metal; christian metal; white metal; brazilian metal,BR,Brazil,,100,1995,,Group,,2822,9867,,lastfm+mb
Feeling Loved As I Feel Understood,Blessed and blushing,Blessed and blushing,A Short Movie Where Tenderness Wins,,,,,2024-05-24,3:03,False,https://open.spotify.com/track/67VO098IAmZEqRxGVOqMDz,spotify:track:67VO098IAmZEqRxGVOqMDz,47300,253705,france; AI Generated,,Paris,,100,,,,,10394,24828,,lastfm+mb
open case,Nova Varnrable,Nova Varnrable,where it melts away,,,,,2025-04-04,1:57,False,https://open.spotify.com/track/2NMFHPrNq72RmslUmK8fjj,spotify:track:2NMFHPrNq72RmslUmK8fjj,7230,30638,,,Copenhagen,alternative pop; electronic pop,100,,,,,712,1795,,lastfm+mb
Amethyst,blair,blair,Blair II,,,,,2024-08-23,3:24,False,https://open.spotify.com/track/5HDyrwwmFZf47Bxi4SV27t,spotify:track:5HDyrwwmFZf47Bxi4SV27t,142350,2021712,indie; pop; indie pop; Disco; emo,,,,100,,,Person,,6734,13828,,lastfm+mb
omg1,Patch +,Patch +,omg1,,,,,2023-02-12,2:55,False,https://open.spotify.com/track/1wDoVXh4a3HWIah6wpoSnc,spotify:track:1wDoVXh4a3HWIah6wpoSnc,0,0,,,,,100,2020,,,,0,0,,mb
Overshot,Deer park,Deer park,Terra Infirma,,,,,2025-04-04,3:56,False,https://open.spotify.com/track/3Ms7sxLejDhvZxtaO3BLuK,spotify:track:3Ms7sxLejDhvZxtaO3BLuK,38572,465721,dream pop; indie rock; water; Played a WagonWheel show at The Grapes,US,United States,rock; alternative rock; industrial rock; metal; american,100,1996,,Group,,3260,9076,,lastfm
Held By You,Colle,Colle,Montalvo,,,,,2024-11-13,4:12,False,https://open.spotify.com/track/3SB92loVYvZz5vobRyZMrp,spotify:track:3SB92loVYvZz5vobRyZMrp,51462,379596,ambient; indie; techno; Progressive; trip hop,US,United States,,100,,,Person,female,20104,58659,,lastfm+mb
Coffee Eyes,Eterna,Eterna; Amalcrossing,Audi,,,,,2021-10-22,3:08,False,https://open.spotify.com/track/51VqYkgwY2it5ykwLqcXsi,spotify:track:51VqYkgwY2it5ykwLqcXsi,69209,781277,Power metal; Progressive metal; christian metal; white metal; brazilian metal,BR,Brazil,,100,1995,,Group,,4023,16806,,lastfm+mb
Severe Weather,A Good Year,A Good Year,Sofina (Soundtrack),,,,,2024-03-06,2:55,False,https://open.spotify.com/track/5wQlO5ptOrLVFfj7KEtaZX,spotify:track:5wQlO5ptOrLVFfj7KEtaZX,62653,325634,electronic; ambient; french; indie; Soundtrack,,Copenhagen,,100,,,Person,,4153,7537,,lastfm
=,Forma Norte,Forma Norte,IV,,,,,2024-10-10,1:44,False,https://open.spotify.com/track/5842s3lpR1VO0Qv4xXi3FL,spotify:track:5842s3lpR1VO0Qv4xXi3FL,89954,1366644,ambient; folk; shoegaze; alternative; dream pop,,,,100,,,,,2746,6560,,lastfm+mb
From the stars,Detente,Detente,Ghosts,,,,,2024-05-28,3:00,False,https://open.spotify.com/track/1PJebQFXj58SQG9bFdVljY,spotify:track:1PJebQFXj58SQG9bFdVljY,16716,216696,thrash metal; speed metal; Female fronted metal; american; 80s,US,United States,metal; thrash metal,100,1984,,Group,,5696,15662,,lastfm+mb
I Think About You All The Time,Tiffi M,Tiffi M,Heartstrings,,,,,2025-10-10,1:41,False,https://open.spotify.com/track/7HysjjI5nNTQYdXFYiHpWo,spotify:track:7HysjjI5nNTQYdXFYiHpWo,14401,71492,cloud rock; experimental,FR,France,rock; pop; sillyname; french; chanson française,100,1971,,Person,male,10289,31707,,lastfm+mb
Gun scene / Your camelot,Deer park,Deer park,Gun scene,,,,,2023-11-17,4:17,False,https://open.spotify.com/track/7GPNmxGMrPOukgD9s5uucJ,spotify:track:7GPNmxGMrPOukgD9s5uucJ,38572,465721,dream pop; indie rock; water; Played a WagonWheel show at The Grapes,US,United States,rock; alternative rock; industrial rock; metal; american,100,1996,,Group,,1163,4144,,lastfm
don't hold it all in,jaso,jaso,"Access, Release! (Room Recording)",,,,,2025-03-28,3:39,True,https://open.spotify.com/track/3gmSd38M3oEHLoGC2uroNd,spotify:track:3gmSd38M3oEHLoGC2uroNd,5526,55863,,,,,100,,,,,269,792,,lastfm+mb
Smalley,Yorck Street,Yorck Street,My Small Piano,,,,,2025-09-04,1:34,False,https://open.spotify.com/track/6u9kyUTgrLI0PWl3AGEedl,spotify:track:6u9kyUTgrLI0PWl3AGEedl,2437,31985,,US,United States,rock; singer-songwriter; pop rock; heartland rock,100,1972,,Group,,625,2702,,lastfm+mb
Rockland County,Car Culture,Car Culture; Physical Therapy,Rest Here,,,,,2025-10-09,3:15,False,https://open.spotify.com/track/7yGUF2zL1TrLvxzXXZj1AJ,spotify:track:7yGUF2zL1TrLvxzXXZj1AJ,31815,226660,ambient; Leftfield; downtempo; Canadian; montreal,JM,Jamaica,reggae; dub; roots reggae; soul and reggae,100,1976,,Group,,4690,10844,,lastfm+mb
Fiu,ari,ari; Forma Norte,Rock Bag,,,,,2025-10-21,2:23,False,https://open.spotify.com/track/4C8EbXURrTHQfuE5AeCJmg,spotify:track:4C8EbXURrTHQfuE5AeCJmg,164038,1552474,rap; hardcore; psytrance; trance; Progressive metal,FI,Finland,vgm; video game music,100,1982,,Person,male,1744,4136,,lastfm+mb
Otter,Blessed and blushing,Blessed and blushing,Blue Memory Box,,,,,2021-10-07,2:24,False,https://open.spotify.com/track/7983hajbWvQB5QaYEUrRyn,spotify:track:7983hajbWvQB5QaYEUrRyn,47300,253705,france; AI Generated,,Paris,,100,,,,,1757,3985,,lastfm+mb
Wings For Sale,Mike Midnight,Mike Midnight,Angel Hours,,,,,2022-11-11,3:22,False,https://open.spotify.com/track/5WGUsL1YcrbYIkUeVVDd3J,spotify:track:5WGUsL1YcrbYIkUeVVDd3J,29997,148094,australia; grimewave,AU,Australia,new wave; australien; australian; big music; post-punk,100,1976,,Group,,2990,7365,,lastfm+mb
Kittens,Deer park,Deer park,Kittens,,,,,2024-09-06,2:35,True,https://open.spotify.com/track/2tucEWU8FocpLyBOoOEBQc,spotify:track:2tucEWU8FocpLyBOoOEBQc,38572,465721,dream pop; indie rock; water; Played a WagonWheel show at The Grapes,US,United States,rock; alternative rock; industrial rock; metal; american,100,1996,,Group,,4071,14999,,lastfm
Highbury Grunge,Eterna,Eterna,Debunker,,,,,2025-01-31,3:24,False,https://open.spotify.com/track/7pn51H2QBEHISQHgKkuTdO,spotify:track:7pn51H2QBEHISQHgKkuTdO,69209,781277,Power metal; Progressive metal; christian metal; white metal; brazilian metal,BR,Brazil,,100,1995,,Group,,3931,10791,,lastfm+mb
Red,Mori Mori,Mori Mori,BB Void,,,,,2024-10-24,3:18,False,https://open.spotify.com/track/0LaYKKsGKY7IcjGGrKRaJQ,spotify:track:0LaYKKsGKY7IcjGGrKRaJQ,32369,243029,experimental; ambient; noise; electronic; drone,,,,100,,,Person,,25151,87725,,lastfm+mb
When It's Easier,A Good Year,A Good Year,Sofina (Soundtrack),,,,,2024-03-06,3:11,False,https://open.spotify.com/track/6dcvSbeRmXQIsizu1BF0xR,spotify:track:6dcvSbeRmXQIsizu1BF0xR,62653,325634,electronic; ambient; french; indie; Soundtrack,,Copenhagen,,100,,,Person,,1233,1993,,lastfm
G major,Josephine Moriko,Josephine Moriko,G major,,,,,2023-06-09,3:34,False,https://open.spotify.com/track/6TUyBi3uBJKK4XkAHJ1LnK,spotify:track:6TUyBi3uBJKK4XkAHJ1LnK,2194,10808,ambient; electronic; downtempo; Sweden,,,,100,,,Person,,1144,4177,,lastfm+mb
21 insecurities,500,500,21 insecurities,,,,,2023-10-11,3:05,False,https://open.spotify.com/track/7dVmclFw8bSqjBfwZANhFp,spotify:track:7dVmclFw8bSqjBfwZANhFp,21219,185101,ambient; scotland; mashup; ambient trance; Nightcore,US,United States,shoegaze; indie rock; indie; alternative; indie pop,100,1987,1991,Group,,10627,31442,,lastfm+mb
I Want You Alone,nahdoitagain,nahdoitagain,I Want You Alone,,,,,2024-10-27,3:36,False,https://open.spotify.com/track/1ZP28Ot8Gy3v4dFDNSZVNP,spotify:track:1ZP28Ot8Gy3v4dFDNSZVNP,29807,117007,shoegaze; folk; Gothic; goth; neofolk,,,,0,,,,,3155,7195,,lastfm
limerence reboot,Deer park,Deer park,limerence reboot,,,,,2024-02-27,4:48,False,https://open.spotify.com/track/3xYXKLzjyUoBgEISXLGoZZ,spotify:track:3xYXKLzjyUoBgEISXLGoZZ,38572,465721,dream pop; indie rock; water; Played a WagonWheel show at The Grapes,US,United States,rock; alternative rock; industrial rock; metal; american,100,1996,,Group,,1773,8238,,lastfm
Watching Closely,Florence Sinclair,Florence Sinclair,Gentle Decay,,,,,2021-06-28,1:46,False,https://open.spotify.com/track/7s3OKMAmgCzN9kCUct82Bi,spotify:track:7s3OKMAmgCzN9kCUct82Bi,45552,773311,electronica; ambient; rap; alternative; idm,DE,Germany,fuzzy artist - series; has german audio plays; series title as artist; audio drama; _consistency,100,1981,,Character,male,7760,24323,,lastfm+mb
Nothing Wrong,Mori Mori,Mori Mori; 50matches,BB Void,,,,,2024-10-24,3:15,False,https://open.spotify.com/track/4WszIw0tmHSwqFejdZtrKi,spotify:track:4WszIw0tmHSwqFejdZtrKi,32369,243029,experimental; ambient; noise; electronic; drone,,,,100,,,Person,,3556,9533,,lastfm+mb
The Commitment Issue,Car Culture,Car Culture; Physical Therapy,Rest Here,,,,,2025-10-09,4:52,False,https://open.spotify.com/track/2IPhYtVsXK9DIvNxzew8sP,spotify:track:2IPhYtVsXK9DIvNxzew8sP,31815,226660,ambient; Leftfield; downtempo; Canadian; montreal,JM,Jamaica,reggae; dub; roots reggae; soul and reggae,100,1976,,Group,,2841,7270,,lastfm+mb
Oceanside Spider House,Jabu,Jabu,A Soft and Gatherable Star,,,,,2024-10-18,3:20,False,https://open.spotify.com/track/4oQcPo88W5I1ACaNT1zUpx,spotify:track:4oQcPo88W5I1ACaNT1zUpx,39477,362107,electronic; experimental; ambient; dub; downtempo,,,,100,,,Group,,22223,64609,,lastfm+mb
RIVER,Contacto,Contacto,ASTRAY,,,,,2022-05-27,1:17,False,https://open.spotify.com/track/782k1ir8bxSuY5HaBm8GF1,spotify:track:782k1ir8bxSuY5HaBm8GF1,11415,75599,electronic; ambient; folk; psychedelic; dream pop,AR,Argentina,,100,,,Person,female,8450,31554,,lastfm
Time Polish,Lovefear,Lovefear; LJM.,Time Polish,,,,,2024-10-09,3:26,False,https://open.spotify.com/track/4SBbBKxypeNmDPs1xnpAbU,spotify:track:4SBbBKxypeNmDPs1xnpAbU,33673,166665,,AU,Australia,,100,,,,,24540,64787,,lastfm+mb
Labrat,Solvent OS,Solvent OS,Clickbait Manifesto,,,,,2023-05-31,3:41,False,https://open.spotify.com/track/3m7D3Mqi37JfPZ5TKPCWZt,spotify:track:3m7D3Mqi37JfPZ5TKPCWZt,33984,197983,USA,US,United States,,100,,,Person,male,3935,9205,,lastfm
Drifting away,Detente,Detente,Ghosts,,,,,2024-05-28,2:54,False,https://open.spotify.com/track/5BPsIpEHzKt0vQG4Jd8iHK,spotify:track:5BPsIpEHzKt0vQG4Jd8iHK,16716,216696,thrash metal; speed metal; Female fronted metal; american; 80s,US,United States,metal; thrash metal,100,1984,,Group,,1700,3950,,lastfm+mb
Only - deer park Remix,Mori Mori,Mori Mori; Deer park,BBV (Deluxe),,,,,2025-08-14,3:27,False,https://open.spotify.com/track/3elkoL2WSMLx5TLOElurle,spotify:track:3elkoL2WSMLx5TLOElurle,32369,243029,experimental; ambient; noise; electronic; drone,,,,100,,,Person,,2239,5163,,lastfm+mb
Is Love Knowing,Car Culture,Car Culture; Physical Therapy,Rest Here,,,,,2025-10-09,4:30,False,https://open.spotify.com/track/3OTgucN4iIioIDB0dM9K8I,spotify:track:3OTgucN4iIioIDB0dM9K8I,31815,226660,ambient; Leftfield; downtempo; Canadian; montreal,JM,Jamaica,reggae; dub; roots reggae; soul and reggae,100,1976,,Group,,7128,16751,,lastfm+mb
"If I Asked You, You'd Tell Me",Jabu,Jabu; Josh Horsley,A Soft and Gatherable Star,,,,,2024-10-18,2:58,False,https://open.spotify.com/track/5sJiFpBwLUVzQNqwHO0pJ7,spotify:track:5sJiFpBwLUVzQNqwHO0pJ7,39477,362107,electronic; experimental; ambient; dub; downtempo,,,,100,,,Group,,4501,10752,,lastfm+mb
stuck in a rut,Charlie Osborne,Charlie Osborne,[Finding Melody : Part 2],,,,,2024-10-24,3:58,False,https://open.spotify.com/track/0MzH4Ms6UZ1vL6XIowqbXk,spotify:track:0MzH4Ms6UZ1vL6XIowqbXk,3585,20982,ambient; experimental,US,United States,rock; pop; folk; blues rock; country rock,100,1963,,Person,female,953,3510,,lastfm+mb
Go Oli Go!,Oli XL,Oli XL,Lick The Lens – Pt.1,,,,,2025-08-27,4:22,False,https://open.spotify.com/track/4MYMXQgp7Sey8fEVrZldxc,spotify:track:4MYMXQgp7Sey8fEVrZldxc,128442,1668135,idm; experimental; ambient; Deconstructed Club; bass,SE,Sweden,electronic; ambient; idm; _private tag 1,100,1995,,Person,,23053,122901,,lastfm+mb
Dawn - Raisa K Sunset Remix,TONE,TONE; Raisa K,So I Can See You (Remixes),,,,,2023-11-03,3:42,False,https://open.spotify.com/track/3UmAc2ov9CpMzr2JeO2cCl,spotify:track:3UmAc2ov9CpMzr2JeO2cCl,52113,498580,post-rock; rap; instrumental; Hip-Hop; Deutschrap,US,United States,hip hop; pop rap; west coast hip hop; classic pop and rock,100,1966,,Person,male,10417,22604,,lastfm+mb
Hopelessness Wont Get You Anywhere,Double Knee,Double Knee,Epiphany Playground,,,,,2024-10-31,3:20,False,https://open.spotify.com/track/2esfovHK1rPYG1rTFYB1Sv,spotify:track:2esfovHK1rPYG1rTFYB1Sv,8445,98260,indie; electronic; shoegaze; indie rock; slowcore,DE,Germany,german; neue deutsche welle; ndw; rock; deutschrock,100,1969,2016,Group,,861,3368,,lastfm+mb
Party People,Mori Mori,Mori Mori; Thrilliam Angels,Birds & I,,,,,2023-03-09,2:58,False,https://open.spotify.com/track/6ohABxfrFMQrgVFuFmvwYV,spotify:track:6ohABxfrFMQrgVFuFmvwYV,32369,243029,experimental; ambient; noise; electronic; drone,,,,100,,,Person,,2616,8016,,lastfm+mb
Marian 323,helen island,helen island,last liasse,,,,,2024-02-21,3:21,False,https://open.spotify.com/track/41jIvlXVEo076nfhKBJrRP,spotify:track:41jIvlXVEo076nfhKBJrRP,36985,335476,hypnagogic pop; electronic; france; Leftfield; ambient,,,alternative pop; hypnagogic pop,100,,,,,3837,10149,,lastfm+mb
Hell,Witches Exist,Witches Exist,Fertilizer,,,,,2022-08-26,5:00,False,https://open.spotify.com/track/4BIG0bQ78JLWTUf66ijLRq,spotify:track:4BIG0bQ78JLWTUf66ijLRq,33741,199787,shoegaze; indie rock; noise pop; indie; dream pop,,Austin,,100,,,Group,,1015,2594,,lastfm
Just a Sign,Evan Wright,Evan Wright,Sound from out the Window,,,,,2021-08-25,3:35,False,https://open.spotify.com/track/05UuKYDMqx6vg8dvSTmbuV,spotify:track:05UuKYDMqx6vg8dvSTmbuV,34049,170434,folk; indie pop; folk pop; indie folk; funk_add_to_lidarr_batch_9,US,United States,background vocalist; soul; disco; gospel; rhythm and blues,100,1953,2020,Person,female,21103,56442,,lastfm+mb
Wait In Vain,Threshold,Threshold,Thief,,,,,2024-02-08,2:27,False,https://open.spotify.com/track/4bsMaJI5TNqnxnvmAnK8h6,spotify:track:4bsMaJI5TNqnxnvmAnK8h6,138837,5158315,Progressive metal; Progressive rock; heavy metal; metal; Progressive,GB,United Kingdom,progressive metal,100,1988,,Group,,1501,5063,,lastfm+mb
Love and peace,Rockie Rode,Rockie Rode; Izzy Goldbow,Love and peace,,,,,2025-11-23,2:01,False,https://open.spotify.com/track/1gtqV4M416DLzssQDIvxsH,spotify:track:1gtqV4M416DLzssQDIvxsH,29490,151848,dream pop; experimental,,,,100,,,,,1125,2995,,lastfm+mb
Salvation,Ivy Knight,Ivy Knight,Feet of Mud,,,,,2022-07-16,3:26,False,https://open.spotify.com/track/1c41fc40PnBvN5gVrm11UI,spotify:track:1c41fc40PnBvN5gVrm11UI,24168,290019,bedroom pop; indie; alternative rock; indie rock; alternative country,US,United States,soul; quiet storm; motown; classic pop and rock; smooth soul,100,1953,1989,Group,,13654,78223,,lastfm+mb
Suzuki Rhythm Boy,The Crying Nudes,The Crying Nudes,The Crying Nudes,,,,,2024-09-06,1:50,False,https://open.spotify.com/track/4fTd9eB4LE82ZsC0jTiHjH,spotify:track:4fTd9eB4LE82ZsC0jTiHjH,155645,3572730,dream pop; ambient; indie; alternative; UK,GB,United Kingdom,,100,,,Group,,35973,245697,,lastfm+mb
Swan Song,Samba Jean-Baptiste,Samba Jean-Baptiste; Alana Markel,+3,,,,,2026-04-01,2:45,False,https://open.spotify.com/track/0i2VfXRfXclXxWUvHkIqPe,spotify:track:0i2VfXRfXclXxWUvHkIqPe,56324,1177825,singer-songwriter; indie; Brooklyn; alternative; indie folk,FR,France,classical; composer; baroque; french composer,100,1632,1687,Person,male,3539,10567,,lastfm+mb
Plea and Luck,Colle,Colle,Montalvo,,,,,2024-11-13,4:12,False,https://open.spotify.com/track/0v8yQ2tl7zViybZyEaMVF8,spotify:track:0v8yQ2tl7zViybZyEaMVF8,51462,379596,ambient; indie; techno; Progressive; trip hop,US,United States,,100,,,Person,female,6347,15555,,lastfm+mb
I Need Blood,The Furniture Group,The Furniture Group,I Need Blood,,,,,2024-08-16,2:23,False,https://open.spotify.com/track/3mxcteNg5amQM2OziMXggy,spotify:track:3mxcteNg5amQM2OziMXggy,5422,40843,indie rock; rock; american; USA; dream pop,GB,United Kingdom,rock and indie,100,1979,1991,Group,,2404,8354,,lastfm+mb
ááá,Threshold,Threshold,Thief,,,,,2024-02-08,1:27,False,https://open.spotify.com/track/5yAMFUioP7OkMutcBMQHWF,spotify:track:5yAMFUioP7OkMutcBMQHWF,138837,5158315,Progressive metal; Progressive rock; heavy metal; metal; Progressive,GB,United Kingdom,progressive metal,100,1988,,Group,,1943,5435,,lastfm+mb
Crystal,Deer park,Deer park,Terra Infirma,,,,,2025-04-04,2:57,False,https://open.spotify.com/track/1iFsFhFsQa4CGobJXvVdob,spotify:track:1iFsFhFsQa4CGobJXvVdob,38572,465721,dream pop; indie rock; water; Played a WagonWheel show at The Grapes,US,United States,rock; alternative rock; industrial rock; metal; american,100,1996,,Group,,15292,55437,,lastfm
snow bunny,Florence Sinclair,Florence Sinclair,"departures, wonders & tears",,,,,2023-07-20,3:12,True,https://open.spotify.com/track/7G6KG1X5gDug8f5MoV0NX9,spotify:track:7G6KG1X5gDug8f5MoV0NX9,45552,773311,electronica; ambient; rap; alternative; idm,DE,Germany,fuzzy artist - series; has german audio plays; series title as artist; audio drama; _consistency,100,1981,,Character,male,6890,34827,,lastfm+mb
I Think I Saw,Chanel Beads,Chanel Beads,Your Day Will Come,,,,,2024-04-19,3:11,False,https://open.spotify.com/track/0vN0RFz15RkoonNLQPLgW1,spotify:track:0vN0RFz15RkoonNLQPLgW1,234266,4319668,experimental; dream pop; indie pop; american; Neo-Psychedelia,,New York,,100,,,Group,,44435,222478,,lastfm+mb
UK Postgame,Samba Jean-Baptiste,Samba Jean-Baptiste,UK Postgame,,,,,2026-03-20,2:32,True,https://open.spotify.com/track/3UZ00VPEIoq5nokIT1udOY,spotify:track:3UZ00VPEIoq5nokIT1udOY,56324,1177825,singer-songwriter; indie; Brooklyn; alternative; indie folk,FR,France,classical; composer; baroque; french composer,100,1632,1687,Person,male,4164,16810,,lastfm+mb
Segundi Garinasso,Horse Vision,Horse Vision,Another Life,,,,,2025-03-07,2:07,False,https://open.spotify.com/track/6rGuG27M8QAQ7OvGgdZe1N,spotify:track:6rGuG27M8QAQ7OvGgdZe1N,52921,407652,indie rock; dream pop; art rock; electronic; shoegaze,DE,Germany,futurepop; synth-pop; german; synthpop; electro,100,1988,,Group,,5988,21840,,lastfm+mb
Break Me,Adios Adios,Adios Adios,A Token of Love,,,,,2024-06-21,2:39,False,https://open.spotify.com/track/4KGupujAybsCTMOivkMm25,spotify:track:4KGupujAybsCTMOivkMm25,6444,50375,folk; psychedelic; art rock; indie,ES,Spain,,100,,,Person,,1983,5738,,lastfm
Slow,Florence Sinclair,Florence Sinclair,It’s a big man ting,,,,,2021-12-18,1:55,True,https://open.spotify.com/track/7kr9fOsSo2W5OZvXwrHWNI,spotify:track:7kr9fOsSo2W5OZvXwrHWNI,45552,773311,electronica; ambient; rap; alternative; idm,DE,Germany,fuzzy artist - series; has german audio plays; series title as artist; audio drama; _consistency,100,1981,,Character,male,25235,133876,,lastfm+mb
Idea June,Chanel Beads,Chanel Beads,Your Day Will Come,,,,,2024-04-19,1:30,False,https://open.spotify.com/track/30UGKAmsplFsEOpngWe6sz,spotify:track:30UGKAmsplFsEOpngWe6sz,234266,4319668,experimental; dream pop; indie pop; american; Neo-Psychedelia,,New York,,100,,,Group,,54793,294396,,lastfm+mb
when you call,synecdoche new york,synecdoche new york,synecdoche new york,,,,,2024-09-23,3:26,False,https://open.spotify.com/track/7LkUrAmolW1slN7RgRT3DK,spotify:track:7LkUrAmolW1slN7RgRT3DK,10460,29490,,US,United States,classical; symphony orchestra; orchestra; american orchestra,100,1842,,Orchestra,,9244,18993,,lastfm+mb
Reading Circle,Yorck Street,Yorck Street,My Small Piano,,,,,2025-09-04,1:07,False,https://open.spotify.com/track/6LC4ePGynffU39m2FmJzf3,spotify:track:6LC4ePGynffU39m2FmJzf3,2437,31985,,US,United States,rock; singer-songwriter; pop rock; heartland rock,100,1972,,Group,,493,2510,,lastfm+mb
Too Careful,Jabu,Jabu,A Soft and Gatherable Star,,,,,2024-10-18,2:52,False,https://open.spotify.com/track/78g4Sf7X3id6VELAFnzH3N,spotify:track:78g4Sf7X3id6VELAFnzH3N,39477,362107,electronic; experimental; ambient; dub; downtempo,,,,100,,,Group,,11219,29431,,lastfm+mb
Love/Of Love,Rockie Rode,Rockie Rode,Love/Of Love,,,,,2024-05-31,1:56,False,https://open.spotify.com/track/0tBFBamg7uL4mJqbrFAmwY,spotify:track:0tBFBamg7uL4mJqbrFAmwY,29490,151848,dream pop; experimental,,,,100,,,,,2489,6800,,lastfm+mb
Chasing Rabbits,Sta Dormida,Sta Dormida,More Like Never,,,,,2025-07-17,3:46,False,https://open.spotify.com/track/4XhAkqYYhyOOXxbY59UfNN,spotify:track:4XhAkqYYhyOOXxbY59UfNN,2555,11304,,,,,100,,,,,587,1479,,lastfm+mb
shootgaze,Elvira del Rocío,Elvira del Rocío; Ian Mills,shoot gaze,,,,,2025-09-02,1:58,False,https://open.spotify.com/track/5P3VdKiKJ5AN0I4fKCoNZC,spotify:track:5P3VdKiKJ5AN0I4fKCoNZC,5386,38996,slowcore; acoustic; songwriter,ES,Spain,,100,,,Person,female,918,2841,,lastfm+mb
"We don't have relationships, we take hostages",Sydenham High Road,Sydenham High Road,"We don't have relationships, we take hostages",,,,,2024-06-12,2:33,False,https://open.spotify.com/track/0ELbMuu8x1aj0vZcVnxUtB,spotify:track:0ELbMuu8x1aj0vZcVnxUtB,4182,24610,indie; electronic; hypnagogic pop; experimental,,,,100,2010,,Group,,958,2758,,lastfm+mb
Down Desire Avenue,Stina Nordenstam,Stina Nordenstam,Dynamite,,,,,1996,5:04,False,https://open.spotify.com/track/04T2RakZqdKLclJmciMG4g,spotify:track:04T2RakZqdKLclJmciMG4g,410534,5736521,female vocalists; swedish; singer-songwriter; indie; alternative,SE,Sweden,,100,1969,,Person,female,24059,85985,,lastfm+mb
From the moon,Detente,Detente,Ghosts,,,,,2024-05-28,2:09,False,https://open.spotify.com/track/5pLt5DvklGlNFDm2TmZ9Gz,spotify:track:5pLt5DvklGlNFDm2TmZ9Gz,16716,216696,thrash metal; speed metal; Female fronted metal; american; 80s,US,United States,metal; thrash metal,100,1984,,Group,,14982,47740,,lastfm+mb
Losing Tennessee,Fine,Fine,Rocky Top Ballads,,,,,2024-06-07,3:38,False,https://open.spotify.com/track/0cgrMmkoFQCJXnosXSqHWd,spotify:track:0cgrMmkoFQCJXnosXSqHWd,161233,1900350,dream pop; heavy metal; denmark; indie pop; hard rock,GB,United Kingdom,rock; electronic; pop; british; new wave,100,1984,1996,Group,,24381,101789,,lastfm+mb
White Horse,Florence Sinclair,Florence Sinclair,"departures, wonders & tears",,,,,2023-07-20,3:07,False,https://open.spotify.com/track/4lsDunhWL3vLfgHwo958Ry,spotify:track:4lsDunhWL3vLfgHwo958Ry,45552,773311,electronica; ambient; rap; alternative; idm,DE,Germany,fuzzy artist - series; has german audio plays; series title as artist; audio drama; _consistency,100,1981,,Character,male,20963,122942,,lastfm+mb
Giverrr,Loukeman,Loukeman,Sd-2,,,,,2024-01-11,1:45,False,https://open.spotify.com/track/2FVhSlabGn6T8KBwF3oZRD,spotify:track:2FVhSlabGn6T8KBwF3oZRD,204701,3353725,House; canada; outsider house; Canadian; toronto,,Toronto,,100,,,Person,male,47758,190600,,lastfm+mb
Working it out,ML Buch,ML Buch,Suntub,,,,,2023-10-27,3:39,False,https://open.spotify.com/track/1o11V7WFuu62zbiYgVW9qa,spotify:track:1o11V7WFuu62zbiYgVW9qa,220883,4392113,electronic; experimental; dream pop; art pop; denmark,DE,Germany,,100,1963,,Person,male,33082,167607,,lastfm+mb
Do You Want To Take Me To Heaven,Rockie Rode,Rockie Rode,Rockie,,,,,2026-02-13,4:05,False,https://open.spotify.com/track/3RxcXPsunJPHoQrnvshWFv,spotify:track:3RxcXPsunJPHoQrnvshWFv,29490,151848,dream pop; experimental,,,,100,,,,,2435,5053,,lastfm+mb
Much Ado About Something,Double Virgo,Double Virgo,Hardrive Heat Seeking,,,,,2023-08-31,4:42,False,https://open.spotify.com/track/7dSfpoDM9eOIARVZ93iThZ,spotify:track:7dSfpoDM9eOIARVZ93iThZ,100,474,UK; indie rock; Psychedelic Rock; rock; shoegaze,,London,,100,,,Group,,2569,15028,,lastfm+mb
You,Car Culture,Car Culture; Great Skin,Dead Rock,,,,,2021-05-04,2:07,False,https://open.spotify.com/track/1f2lq7xUhZKSc1djZE6iI8,spotify:track:1f2lq7xUhZKSc1djZE6iI8,31815,226660,ambient; Leftfield; downtempo; Canadian; montreal,JM,Jamaica,reggae; dub; roots reggae; soul and reggae,100,1976,,Group,,2721,6322,,lastfm+mb
Spell,jaso,jaso,Spell,,,,,2025-08-14,3:08,False,https://open.spotify.com/track/2qr24QSeOgpqVqFBKLktQu,spotify:track:2qr24QSeOgpqVqFBKLktQu,5526,55863,,,,,100,,,,,662,1368,,lastfm+mb
SWAY,Gyeongsu,Gyeongsu; June,TRIALS / SWAY,,,,,2024-05-08,2:28,False,https://open.spotify.com/track/7zYky5WFjuNAxHOoBJybrI,spotify:track:7zYky5WFjuNAxHOoBJybrI,25171,185066,pop; electronic; experimental; trip-hop; hypnagogic pop,,Paris,,100,,,Person,,4555,23986,,lastfm+mb
Tool,EXUM,EXUM,In Russia. A is a 9,,,,,2025-07-04,2:34,False,https://open.spotify.com/track/4s9Juo1ozFzcqFitGMJDRV,spotify:track:4s9Juo1ozFzcqFitGMJDRV,102305,503905,rap; Hip-Hop; experimental; hip hop; rnb,,Richmond,hip hop; r&b; alternative hip hop; pop rap,100,,,Person,male,2478,4849,,lastfm+mb
Flames shards goo,ML Buch,ML Buch,Suntub,,,,,2023-10-27,3:48,False,https://open.spotify.com/track/03vUSQpYEQryhvhI4VUsqb,spotify:track:03vUSQpYEQryhvhI4VUsqb,220883,4392113,electronic; experimental; dream pop; art pop; denmark,DE,Germany,,100,1963,,Person,male,75036,369020,,lastfm+mb
A/B,Fine,Fine,Rocky Top Ballads,,,,,2024-06-07,4:57,False,https://open.spotify.com/track/6uYxmyVvwe1uWkS7hQkMxg,spotify:track:6uYxmyVvwe1uWkS7hQkMxg,161233,1900350,dream pop; heavy metal; denmark; indie pop; hard rock,GB,United Kingdom,rock; electronic; pop; british; new wave,100,1984,1996,Group,,19663,76083,,lastfm+mb
ways of saying things direct - demo,Ydegirl,Ydegirl,Ydegirl,,,,,2021-10-15,4:38,False,https://open.spotify.com/track/1iPwnr5Y2oygUmWC1EtVbL,spotify:track:1iPwnr5Y2oygUmWC1EtVbL,34443,187174,experimental; indie pop; denmark; art pop,,Copenhagen,,100,,,Person,female,1279,4030,,lastfm
DayGlow,A Good Year,A Good Year,Sofina (Soundtrack),,,,,2024-03-06,2:32,False,https://open.spotify.com/track/1mTwYhDNXPSCHoOM9pAt8g,spotify:track:1mTwYhDNXPSCHoOM9pAt8g,62653,325634,electronic; ambient; french; indie; Soundtrack,,Copenhagen,,100,,,Person,,781,1445,,lastfm
Whys,Fine,Fine,Rocky Top Ballads,,,,,2024-06-07,2:35,False,https://open.spotify.com/track/7IyOHoioFBPlEZYZSlu7me,spotify:track:7IyOHoioFBPlEZYZSlu7me,161233,1900350,dream pop; heavy metal; denmark; indie pop; hard rock,GB,United Kingdom,rock; electronic; pop; british; new wave,100,1984,1996,Group,,14197,47246,,lastfm+mb
Paris,Quiet Light,Quiet Light,Pure Hearts,,,,,2025-01-31,2:59,False,https://open.spotify.com/track/4YVdmcjLsSSXz63bgfg5LL,spotify:track:4YVdmcjLsSSXz63bgfg5LL,93131,993470,indie folk; electronic; experimental; folk; dream pop,GB,United Kingdom,rock; electronic; pop; progressive rock; 70s,100,1970,2025,Group,,23210,66196,,lastfm+mb
Segundi Garinasso,Horse Vision,Horse Vision,Another Life,,,,,2025-03-07,2:07,False,https://open.spotify.com/track/6rGuG27M8QAQ7OvGgdZe1N,spotify:track:6rGuG27M8QAQ7OvGgdZe1N,52921,407652,indie rock; dream pop; art rock; electronic; shoegaze,DE,Germany,futurepop; synth-pop; german; synthpop; electro,100,1988,,Group,,5988,21840,,lastfm+mb
The Bridge 20221127,Heading,Heading; Otto Benson,The Bridge 20221127,,,,,2024-08-29,2:10,False,https://open.spotify.com/track/743WZsU4EedYGtOi3zPvv9,spotify:track:743WZsU4EedYGtOi3zPvv9,841,2411,,DK,Denmark,,100,,,Group,,506,978,,lastfm+mb
Idea June,Chanel Beads,Chanel Beads,Your Day Will Come,,,,,2024-04-19,1:30,False,https://open.spotify.com/track/30UGKAmsplFsEOpngWe6sz,spotify:track:30UGKAmsplFsEOpngWe6sz,234266,4319668,experimental; dream pop; indie pop; american; Neo-Psychedelia,,New York,,100,,,Group,,54793,294396,,lastfm+mb
78,Eterna,Eterna,Ants,,,,,2025-06-04,2:32,False,https://open.spotify.com/track/1QU9YgTYGKI8Rhit6Zw9qy,spotify:track:1QU9YgTYGKI8Rhit6Zw9qy,69209,781277,Power metal; Progressive metal; christian metal; white metal; brazilian metal,BR,Brazil,,100,1995,,Group,,3367,6903,,lastfm+mb
A Star,Fine,Fine,Rocky Top Ballads,,,,,2024-06-07,4:21,False,https://open.spotify.com/track/3nuNdgNMwAZMtt9H87fAaK,spotify:track:3nuNdgNMwAZMtt9H87fAaK,161233,1900350,dream pop; heavy metal; denmark; indie pop; hard rock,GB,United Kingdom,rock; electronic; pop; british; new wave,100,1984,1996,Group,,19092,61969,,lastfm+mb
sinking stone,Nova Varnrable,Nova Varnrable,where it melts away,,,,,2025-04-04,2:44,False,https://open.spotify.com/track/6HO2Ak18blRMCY7ePLRW5W,spotify:track:6HO2Ak18blRMCY7ePLRW5W,7230,30638,,,Copenhagen,alternative pop; electronic pop,100,,,,,2413,4880,,lastfm+mb
Flames shards goo,ML Buch,ML Buch,Suntub,,,,,2023-10-27,3:48,False,https://open.spotify.com/track/03vUSQpYEQryhvhI4VUsqb,spotify:track:03vUSQpYEQryhvhI4VUsqb,220883,4392113,electronic; experimental; dream pop; art pop; denmark,DE,Germany,,100,1963,,Person,male,75036,369020,,lastfm+mb
Sticks,snuggle,snuggle,Goodbyehouse,,,,,2025-09-12,2:50,False,https://open.spotify.com/track/11uUeMBP6peDDY8hbthXGc,spotify:track:11uUeMBP6peDDY8hbthXGc,70168,576848,Lo-Fi; indie pop; art pop; electronic; alternative pop,,,,100,,,,,10436,27398,,lastfm+mb
Await For Love,Colle,Colle,Montalvo,,,,,2024-11-13,2:13,False,https://open.spotify.com/track/0lml7RxY4kcOSfD4n5uUH8,spotify:track:0lml7RxY4kcOSfD4n5uUH8,51462,379596,ambient; indie; techno; Progressive; trip hop,US,United States,,100,,,Person,female,9418,22561,,lastfm+mb
It Must Be Bad,Operelly,Operelly,Handwriting Practice No. 1,,,,,2025-05-15,3:32,False,https://open.spotify.com/track/4L0S0Zzd2x8ToE8s9wJ4yQ,spotify:track:4L0S0Zzd2x8ToE8s9wJ4yQ,121735,1096224,singer-songwriter; indie; dream pop; indie pop; California,US,United States,art pop; bedroom pop; electropop,100,,,Person,female,4565,14834,,lastfm+mb
Whiplash 2,Quiet Light,Quiet Light,Blue Angel Sparkling Silver,,,,,2023-08-11,1:49,False,https://open.spotify.com/track/0CydqWDn2pocJH8NXqn1fl,spotify:track:0CydqWDn2pocJH8NXqn1fl,93131,993470,indie folk; electronic; experimental; folk; dream pop,GB,United Kingdom,rock; electronic; pop; progressive rock; 70s,100,1970,2025,Group,,24870,80191,,lastfm+mb
Working it out,ML Buch,ML Buch,Suntub,,,,,2023-10-27,3:39,False,https://open.spotify.com/track/1o11V7WFuu62zbiYgVW9qa,spotify:track:1o11V7WFuu62zbiYgVW9qa,220883,4392113,electronic; experimental; dream pop; art pop; denmark,DE,Germany,,100,1963,,Person,male,33082,167607,,lastfm+mb
stillicide,Angel Investor,Angel Investor,I Can’t Smell The Roses Underground,,,,,2025-05-15,2:25,False,https://open.spotify.com/track/4MepghiQTWylB8VarneGVh,spotify:track:4MepghiQTWylB8VarneGVh,4420,34103,shoegaze; indie; indie rock; post-punk; Neo-Psychedelia,,,,100,,,Person,,2839,10157,,lastfm+mb
People,Evan Wright,Evan Wright,Sound from out the Window,,,,,2021-08-25,2:41,False,https://open.spotify.com/track/40MWY7XqoVECo5JLiyh8A3,spotify:track:40MWY7XqoVECo5JLiyh8A3,34049,170434,folk; indie pop; folk pop; indie folk; funk_add_to_lidarr_batch_9,US,United States,background vocalist; soul; disco; gospel; rhythm and blues,100,1953,2020,Person,female,17404,45288,,lastfm+mb
Flutter away,Operelly,Operelly,*FLUTTERS AWAY*,,,,,2026-03-13,2:14,False,https://open.spotify.com/track/56eTmwBmxV2FFMEft8tcgy,spotify:track:56eTmwBmxV2FFMEft8tcgy,121735,1096224,singer-songwriter; indie; dream pop; indie pop; California,US,United States,art pop; bedroom pop; electropop,100,,,Person,female,4625,10643,,lastfm+mb
Waking Up,EXUM,EXUM; Maxi,In Russia. A is a 9,,,,,2025-07-04,3:06,False,https://open.spotify.com/track/6XhaBJyRHsYgT1kbJHiEM2,spotify:track:6XhaBJyRHsYgT1kbJHiEM2,102305,503905,rap; Hip-Hop; experimental; hip hop; rnb,,Richmond,hip hop; r&b; alternative hip hop; pop rap,100,,,Person,male,16796,39200,,lastfm+mb
Flatland,Quiet Light,Quiet Light,Fourth of July,,,,,2023-07-01,2:14,False,https://open.spotify.com/track/1E7H5nWpnqrvtvAuwiRfyc,spotify:track:1E7H5nWpnqrvtvAuwiRfyc,93131,993470,indie folk; electronic; experimental; folk; dream pop,GB,United Kingdom,rock; electronic; pop; progressive rock; 70s,100,1970,2025,Group,,9204,30112,,lastfm+mb
River mouth,ML Buch,ML Buch,Suntub,,,,,2023-10-27,4:59,False,https://open.spotify.com/track/5seTI2x0A3gqEB3QpIZCvr,spotify:track:5seTI2x0A3gqEB3QpIZCvr,220883,4392113,electronic; experimental; dream pop; art pop; denmark,DE,Germany,,100,1963,,Person,male,25790,121375,,lastfm+mb
Cyanide,snuggle,snuggle,Calendula,,,,,2023-11-03,3:21,False,https://open.spotify.com/track/4qkZ7DdgnbWUvNjIYwMB30,spotify:track:4qkZ7DdgnbWUvNjIYwMB30,70168,576848,Lo-Fi; indie pop; art pop; electronic; alternative pop,,,,100,,,,,926,2002,,lastfm+mb
Clayboy,RIP Swirl,RIP Swirl; Ydegirl,Emo Regulation,,,,,2025-05-16,2:35,False,https://open.spotify.com/track/3BESrc7B6JJqt7hFNx2gmb,spotify:track:3BESrc7B6JJqt7hFNx2gmb,98932,636466,ambient; idm; chillout; electronic; downtempo,,Berlin,,100,,,Person,male,8020,18564,,lastfm+mb
Work It Out,Acopia,Acopia,Acopia,,,,,2023-11-24,4:02,False,https://open.spotify.com/track/6t3gFZZpy0m8Sy7mbTKDSz,spotify:track:6t3gFZZpy0m8Sy7mbTKDSz,161889,1712764,dream pop; electronic; downtempo; australia; trip-hop,,Melbourne,ambient; dream pop,100,,,Group,,17900,44151,,lastfm+mb
Tell my man,Operelly,Operelly,*FLUTTERS AWAY*,,,,,2026-03-13,3:28,False,https://open.spotify.com/track/0305YGbEWJVQpPDHfV1LdK,spotify:track:0305YGbEWJVQpPDHfV1LdK,121735,1096224,singer-songwriter; indie; dream pop; indie pop; California,US,United States,art pop; bedroom pop; electropop,100,,,Person,female,4836,11928,,lastfm+mb
Rita Poser,Rita P,Rita P,Rita's Purse,,,,,2025-05-06,1:45,False,https://open.spotify.com/track/6EvkNzkqGMZ2DqIBNshHsN,spotify:track:6EvkNzkqGMZ2DqIBNshHsN,5164,50805,slacker rock; shoegaze; cloud rock; hypnagogic pop; wish ill see them one day,US,United States,rock; pop; singer-songwriter; electropop; 2000s,100,1979,,Person,female,3110,13212,,lastfm+mb
Police Scanner,Chanel Beads,Chanel Beads,Your Day Will Come,,,,,2024-04-19,2:22,False,https://open.spotify.com/track/1uLOYD6T0wdpOD8FcgsPuv,spotify:track:1uLOYD6T0wdpOD8FcgsPuv,234266,4319668,experimental; dream pop; indie pop; american; Neo-Psychedelia,,New York,,100,,,Group,,146402,979779,,lastfm+mb
Hug,ML Buch,ML Buch,Fleshy,,,,,2017-02-23,3:23,False,https://open.spotify.com/track/1pRFCo1H119QlOc2punlvJ,spotify:track:1pRFCo1H119QlOc2punlvJ,220883,4392113,electronic; experimental; dream pop; art pop; denmark,DE,Germany,,100,1963,,Person,male,5362,16575,,lastfm+mb
Donkey Horse,Horse Vision,Horse Vision,Another Life,,,,,2025-03-07,2:00,False,https://open.spotify.com/track/0oTzkcUfYtQisKyYfRnHuy,spotify:track:0oTzkcUfYtQisKyYfRnHuy,52921,407652,indie rock; dream pop; art rock; electronic; shoegaze,DE,Germany,futurepop; synth-pop; german; synthpop; electro,100,1988,,Group,,4888,16277,,lastfm+mb
Dissolve,snuggle,snuggle,Calendula,,,,,2023-11-03,3:58,False,https://open.spotify.com/track/331wesn7MvvyubjRkQqRf5,spotify:track:331wesn7MvvyubjRkQqRf5,70168,576848,Lo-Fi; indie pop; art pop; electronic; alternative pop,,,,100,,,,,2504,4976,,lastfm+mb
You're No Good For Me,Acopia,Acopia,Chances,,,,,2022-03-07,4:19,False,https://open.spotify.com/track/6kOREvkDIKFcUAPgQpyenX,spotify:track:6kOREvkDIKFcUAPgQpyenX,161889,1712764,dream pop; electronic; downtempo; australia; trip-hop,,Melbourne,ambient; dream pop,100,,,Group,,10507,24850,,lastfm+mb
HOODIE MUSIC,Oli XL,Oli XL,Lick The Lens – Pt.1,,,,,2025-08-27,2:21,False,https://open.spotify.com/track/2P5Bs4ReS6ItzrwSPiRtaK,spotify:track:2P5Bs4ReS6ItzrwSPiRtaK,128442,1668135,idm; experimental; ambient; Deconstructed Club; bass,SE,Sweden,electronic; ambient; idm; _private tag 1,100,1995,,Person,,14596,48765,,lastfm+mb
Rest Here,Car Culture,Car Culture; Physical Therapy,Rest Here,,,,,2025-10-09,3:57,False,https://open.spotify.com/track/3kk2Dvffp73fZW3ZbFrInH,spotify:track:3kk2Dvffp73fZW3ZbFrInH,31815,226660,ambient; Leftfield; downtempo; Canadian; montreal,JM,Jamaica,reggae; dub; roots reggae; soul and reggae,100,1976,,Group,,12110,31285,,lastfm+mb
Spirals On My Tongue,RIP Swirl,RIP Swirl; Ydegirl,Emo Regulation,,,,,2025-05-16,2:45,False,https://open.spotify.com/track/0I1oME61NvoZCIQxct99mP,spotify:track:0I1oME61NvoZCIQxct99mP,98932,636466,ambient; idm; chillout; electronic; downtempo,,Berlin,,100,,,Person,male,14471,38012,,lastfm+mb
This Far,ML Buch,ML Buch,Fleshy,,,,,2017-02-23,3:58,False,https://open.spotify.com/track/5yhysPK7inHfHk5H41cEHu,spotify:track:5yhysPK7inHfHk5H41cEHu,220883,4392113,electronic; experimental; dream pop; art pop; denmark,DE,Germany,,100,1963,,Person,male,6787,19502,,lastfm+mb
You Know That I've Stayed,Quiet Light,Quiet Light,Blue Angel Sparkling Silver,,,,,2023-08-11,2:37,False,https://open.spotify.com/track/5TvcR7q7t62vNpBqVNlhr4,spotify:track:5TvcR7q7t62vNpBqVNlhr4,93131,993470,indie folk; electronic; experimental; folk; dream pop,GB,United Kingdom,rock; electronic; pop; progressive rock; 70s,100,1970,2025,Group,,18268,48002,,lastfm+mb
Super,Lauren Duffus,Lauren Duffus,Super / Lewisham,,,,,2025-05-01,4:38,False,https://open.spotify.com/track/2uyWkyLX57V6dqKnmzqWmn,spotify:track:2uyWkyLX57V6dqKnmzqWmn,37446,297973,ambient; electronic; experimental; dance; wish ill see them one day,,London,,100,,,Person,female,7590,22327,,lastfm+mb
Just Fine,Acopia,Acopia,Chances,,,,,2022-03-07,3:32,False,https://open.spotify.com/track/1uB7tSVsoG9ZfpAix2NaQQ,spotify:track:1uB7tSVsoG9ZfpAix2NaQQ,161889,1712764,dream pop; electronic; downtempo; australia; trip-hop,,Melbourne,ambient; dream pop,100,,,Group,,18451,48241,,lastfm+mb
Game on,snuggle,snuggle,Calendula,,,,,2023-11-03,3:26,False,https://open.spotify.com/track/1afluyhRWuDxMitKDXuQTJ,spotify:track:1afluyhRWuDxMitKDXuQTJ,70168,576848,Lo-Fi; indie pop; art pop; electronic; alternative pop,,,,100,,,,,2009,4720,,lastfm+mb
Love in the Darkness,a.s.o.,a.s.o.; Alias Error,a.s.o.,,,,,2023-06-02,4:31,False,https://open.spotify.com/track/2je7nCHSkWemSHgvLLIc32,spotify:track:2je7nCHSkWemSHgvLLIc32,73681,776319,trip-hop; dream pop; ethereal wave; trip hop; female vocalist,US,United States,hip hop; chillwave; instrumental hip hop; lo-fi; instrumental,100,,,Person,male,27844,105490,,lastfm+mb
Prey,Touching Ice,Touching Ice,I Just Remembered Everything Always Works Out for Me,,,,,2025-11-14,3:13,False,https://open.spotify.com/track/0HCBtHfL2Fs9Qt4S3M3kxv,spotify:track:0HCBtHfL2Fs9Qt4S3M3kxv,15120,115745,pop; electronic; techno; electro,,Los Angeles,,100,,,,,1942,4684,,lastfm
Teen,ML Buch,ML Buch,Fleshy,,,,,2017-02-23,4:12,False,https://open.spotify.com/track/6P2GPsEOdj8ta1VWZKpUAO,spotify:track:6P2GPsEOdj8ta1VWZKpUAO,220883,4392113,electronic; experimental; dream pop; art pop; denmark,DE,Germany,,100,1963,,Person,male,10558,32386,,lastfm+mb
Starfall,Quiet Light,Quiet Light,Starfall,,,,,2024-07-30,3:10,False,https://open.spotify.com/track/0zKb1LPFrl5CaA1RlYk6vd,spotify:track:0zKb1LPFrl5CaA1RlYk6vd,93131,993470,indie folk; electronic; experimental; folk; dream pop,GB,United Kingdom,rock; electronic; pop; progressive rock; 70s,100,1970,2025,Group,,3905,11400,,lastfm+mb
TMN,RIP Swirl,RIP Swirl; Ydegirl,Emo Regulation,,,,,2025-05-16,2:51,False,https://open.spotify.com/track/7y2tJZykFpHo7Bws78JxEA,spotify:track:7y2tJZykFpHo7Bws78JxEA,98932,636466,ambient; idm; chillout; electronic; downtempo,,Berlin,,100,,,Person,male,3378,7683,,lastfm+mb
Eternal Present,You'll Never Get to Heaven,You'll Never Get to Heaven,Wave Your Moonlight Hat For The Snowfall Train,,,,,2021-11-19,2:59,False,https://open.spotify.com/track/7gasir5T5q6BgK5NzAVQIZ,spotify:track:7gasir5T5q6BgK5NzAVQIZ,657378,14812842,dream pop; Lo-Fi; ambient pop; ambient; electronic,,London,electronic; ambient; lo-fi; dream pop; ambient pop,100,2012,,Group,,60493,209887,,lastfm+mb
Teddy Bear Venom,Eternal Dust,Eternal Dust,"Spiritual Healers, Defense Lawyers",,,,,2023-02-17,4:09,False,https://open.spotify.com/track/2QsZUwYK4iRtIOBIzCqIMy,spotify:track:2QsZUwYK4iRtIOBIzCqIMy,29211,163932,dreampop; post-punk; dream pop; shoegaze; alternative rock,NL,Netherlands,progressive metal; metal; clean vocals; gothic metal; dutch,100,2002,,Group,,18243,50248,,lastfm+mb
you're like me,shower curtain,shower curtain,words from a wishing well,,,,,2024-10-18,5:29,False,https://open.spotify.com/track/2HASfgOevE8LV1hE5fSREX,spotify:track:2HASfgOevE8LV1hE5fSREX,76137,574613,dream pop; shoegaze; alternative rock; indie pop; brazil,BR,Brazil,indie; lo-fi,100,,,Person,female,10803,32379,,lastfm+mb
Salvation,Ivy Knight,Ivy Knight,Feet of Mud,,,,,2022-07-16,3:26,False,https://open.spotify.com/track/1c41fc40PnBvN5gVrm11UI,spotify:track:1c41fc40PnBvN5gVrm11UI,24168,290019,bedroom pop; indie; alternative rock; indie rock; alternative country,US,United States,soul; quiet storm; motown; classic pop and rock; smooth soul,100,1953,1989,Group,,13654,78223,,lastfm+mb
The Man With The Gun,Stina Nordenstam,Stina Nordenstam,Dynamite,,,,,1996,4:12,False,https://open.spotify.com/track/2tAtour6StrveCFwSjyjWW,spotify:track:2tAtour6StrveCFwSjyjWW,410534,5736521,female vocalists; swedish; singer-songwriter; indie; alternative,SE,Sweden,,100,1969,,Person,female,23837,86724,,lastfm+mb
Crystal,Deer park,Deer park,Terra Infirma,,,,,2025-04-04,2:57,False,https://open.spotify.com/track/1iFsFhFsQa4CGobJXvVdob,spotify:track:1iFsFhFsQa4CGobJXvVdob,38572,465721,dream pop; indie rock; water; Played a WagonWheel show at The Grapes,US,United States,rock; alternative rock; industrial rock; metal; american,100,1996,,Group,,15292,55437,,lastfm
Family Way,Moin,Moin; Sophia Al-Maria,You Never End,,,,,2024-10-25,3:13,False,https://open.spotify.com/track/5pCuCqdvcUx5XszJuYWmrl,spotify:track:5pCuCqdvcUx5XszJuYWmrl,73231,997034,electronic; experimental; post-punk; psych; drone,GB,United Kingdom,experimental rock,100,,,Group,,11377,36555,,lastfm+mb
Let's Make Out,RIP Swirl,RIP Swirl; Ydegirl,Emo Regulation,,,,,2025-05-16,2:08,False,https://open.spotify.com/track/7hN4YIZXhPSIwwQrvTrYRq,spotify:track:7hN4YIZXhPSIwwQrvTrYRq,98932,636466,ambient; idm; chillout; electronic; downtempo,,Berlin,,100,,,Person,male,38066,176915,,lastfm+mb
Happy Belated,Yorck Street,Yorck Street,My Small Piano,,,,,2025-09-04,1:27,False,https://open.spotify.com/track/4e0jEM7T1RI4k6zxR2sNsE,spotify:track:4e0jEM7T1RI4k6zxR2sNsE,2437,31985,,US,United States,rock; singer-songwriter; pop rock; heartland rock,100,1972,,Group,,697,2990,,lastfm+mb
snow bunny,Florence Sinclair,Florence Sinclair,"departures, wonders & tears",,,,,2023-07-20,3:12,True,https://open.spotify.com/track/7G6KG1X5gDug8f5MoV0NX9,spotify:track:7G6KG1X5gDug8f5MoV0NX9,45552,773311,electronica; ambient; rap; alternative; idm,DE,Germany,fuzzy artist - series; has german audio plays; series title as artist; audio drama; _consistency,100,1981,,Character,male,6890,34827,,lastfm+mb
Almost A Smile,Stina Nordenstam,Stina Nordenstam,Dynamite,,,,,1996,4:53,False,https://open.spotify.com/track/05L6DsUAEL7vbamU1LIxAD,spotify:track:05L6DsUAEL7vbamU1LIxAD,410534,5736521,female vocalists; swedish; singer-songwriter; indie; alternative,SE,Sweden,,100,1969,,Person,female,22609,77052,,lastfm+mb
Dust And Gold,Sepiatone,Sepiatone,In Sepiatone,,,,,2007-06-19,2:44,False,https://open.spotify.com/track/3kHWRSMYxh0bCp96QuSofl,spotify:track:3kHWRSMYxh0bCp96QuSofl,74014,448011,Avant Pop; musica per gente che non sta bene di testa; italiani; dreamlike timeless pop psichedelic italian australian songwriters; GenteCheNonStaBene,IT,Italy,,100,,,Group,,5216,9742,,lastfm+mb
Big Ticket Mix Up,Cryogeyser,Cryogeyser,Glitch,,,,,2019-08-09,3:14,False,https://open.spotify.com/track/46dyubo5JKgFYRC0R6x9a0,spotify:track:46dyubo5JKgFYRC0R6x9a0,266376,3815795,shoegaze; dream pop; electronic; indie; ethereal,,Los Angeles,indie rock; dream pop,100,,,Group,,13784,48079,,lastfm+mb
Too Careful,Jabu,Jabu,A Soft and Gatherable Star,,,,,2024-10-18,2:52,False,https://open.spotify.com/track/78g4Sf7X3id6VELAFnzH3N,spotify:track:78g4Sf7X3id6VELAFnzH3N,39477,362107,electronic; experimental; ambient; dub; downtempo,,,,100,,,Group,,11219,29431,,lastfm+mb
Shared Dreams,You'll Never Get to Heaven,You'll Never Get to Heaven,Images,,,,,2017-03-24,3:27,False,https://open.spotify.com/track/3BYTw2C48NKd2ml8XOp4tF,spotify:track:3BYTw2C48NKd2ml8XOp4tF,657378,14812842,dream pop; Lo-Fi; ambient pop; ambient; electronic,,London,electronic; ambient; lo-fi; dream pop; ambient pop,100,2012,,Group,,139687,573461,,lastfm+mb
A/B,Fine,Fine,Rocky Top Ballads,,,,,2024-06-07,4:57,False,https://open.spotify.com/track/6uYxmyVvwe1uWkS7hQkMxg,spotify:track:6uYxmyVvwe1uWkS7hQkMxg,161233,1900350,dream pop; heavy metal; denmark; indie pop; hard rock,GB,United Kingdom,rock; electronic; pop; british; new wave,100,1984,1996,Group,,19663,76083,,lastfm+mb
Delusions Are So Beautiful,Angel Investor,Angel Investor,I Can’t Smell The Roses Underground,,,,,2025-05-15,2:12,False,https://open.spotify.com/track/51VS228FAUZCtCTDIh8XZC,spotify:track:51VS228FAUZCtCTDIh8XZC,4420,34103,shoegaze; indie; indie rock; post-punk; Neo-Psychedelia,,,,100,,,Person,,1015,4115,,lastfm+mb
CQD,Stina Nordenstam,Stina Nordenstam,Dynamite,,,,,1996,5:40,False,https://open.spotify.com/track/3LXAcCrnoMtAEtg1b5ZhW4,spotify:track:3LXAcCrnoMtAEtg1b5ZhW4,410534,5736521,female vocalists; swedish; singer-songwriter; indie; alternative,SE,Sweden,,100,1969,,Person,female,17632,62611,,lastfm+mb
New World,Sepiatone,Sepiatone,In Sepiatone,,,,,2007-06-19,4:52,False,https://open.spotify.com/track/04oeziQnb72fY2cjBQdL3G,spotify:track:04oeziQnb72fY2cjBQdL3G,74014,448011,Avant Pop; musica per gente che non sta bene di testa; italiani; dreamlike timeless pop psichedelic italian australian songwriters; GenteCheNonStaBene,IT,Italy,,100,,,Group,,9468,21189,,lastfm+mb
SWAY,Gyeongsu,Gyeongsu; June,TRIALS / SWAY,,,,,2024-05-08,2:28,False,https://open.spotify.com/track/7zYky5WFjuNAxHOoBJybrI,spotify:track:7zYky5WFjuNAxHOoBJybrI,25171,185066,pop; electronic; experimental; trip-hop; hypnagogic pop,,Paris,,100,,,Person,,4555,23986,,lastfm+mb
Brush Wit,NINA,NINA,Classics,,,,,2021-11-02,3:43,False,https://open.spotify.com/track/3O2RDWUOMYBApICVacPtfW,spotify:track:3O2RDWUOMYBApICVacPtfW,306516,4411292,synthwave; eurodance; female vocalists; pop; 90s,US,United States,classical; jazz; folk; american; blues,100,1933,2003,Person,female,5837,21803,,lastfm+mb
By This River,You'll Never Get to Heaven,You'll Never Get to Heaven,Adorn,,,,,2014-08-04,3:45,False,https://open.spotify.com/track/3vaOxrqaRjuoUMMJmNJd01,spotify:track:3vaOxrqaRjuoUMMJmNJd01,657378,14812842,dream pop; Lo-Fi; ambient pop; ambient; electronic,,London,electronic; ambient; lo-fi; dream pop; ambient pop,100,2012,,Group,,75104,353477,,lastfm+mb
Rita's Pop,Rita P,Rita P,Rita's Purse,,,,,2025-05-06,1:59,False,https://open.spotify.com/track/0wxMwz55dJf4mQCJhDU4in,spotify:track:0wxMwz55dJf4mQCJhDU4in,5164,50805,slacker rock; shoegaze; cloud rock; hypnagogic pop; wish ill see them one day,US,United States,rock; pop; singer-songwriter; electropop; 2000s,100,1979,,Person,female,1714,6625,,lastfm+mb
stillicide,Angel Investor,Angel Investor,I Can’t Smell The Roses Underground,,,,,2025-05-15,2:25,False,https://open.spotify.com/track/4MepghiQTWylB8VarneGVh,spotify:track:4MepghiQTWylB8VarneGVh,4420,34103,shoegaze; indie; indie rock; post-punk; Neo-Psychedelia,,,,100,,,Person,,2839,10157,,lastfm+mb
Lonesome Road,Stina Nordenstam,Stina Nordenstam,People Are Strange,,,,,1998,2:08,False,https://open.spotify.com/track/6Tbyen6W051AU1RMTic5kM,spotify:track:6Tbyen6W051AU1RMTic5kM,410534,5736521,female vocalists; swedish; singer-songwriter; indie; alternative,SE,Sweden,,100,1969,,Person,female,16079,45095,,lastfm+mb
Hive,Cryogeyser,Cryogeyser,Love Is Land,,,,,2020-12-04,4:16,False,https://open.spotify.com/track/6JmdjFSrdzTlTsbyWknYH1,spotify:track:6JmdjFSrdzTlTsbyWknYH1,266376,3815795,shoegaze; dream pop; electronic; indie; ethereal,,Los Angeles,indie rock; dream pop,100,,,Group,,12983,46427,,lastfm+mb
shootgaze,Elvira del Rocío,Elvira del Rocío; Ian Mills,shoot gaze,,,,,2025-09-02,1:58,False,https://open.spotify.com/track/5P3VdKiKJ5AN0I4fKCoNZC,spotify:track:5P3VdKiKJ5AN0I4fKCoNZC,5386,38996,slowcore; acoustic; songwriter,ES,Spain,,100,,,Person,female,918,2841,,lastfm+mb
Taglieben,Guther,Guther,I Know You Know,,,,,2003-08-18,3:53,False,https://open.spotify.com/track/3oDzxFfcTPuKwMaOCe59pk,spotify:track:3oDzxFfcTPuKwMaOCe59pk,85823,719096,indietronica; electronic; german; indie; morr music,DE,Germany,,100,,,Group,,52078,200576,,lastfm
White Light,You'll Never Get to Heaven,You'll Never Get to Heaven,Images,,,,,2017-03-24,4:29,False,https://open.spotify.com/track/4NehyYRKNzwec2LDJAUMWe,spotify:track:4NehyYRKNzwec2LDJAUMWe,657378,14812842,dream pop; Lo-Fi; ambient pop; ambient; electronic,,London,electronic; ambient; lo-fi; dream pop; ambient pop,100,2012,,Group,,54574,224608,,lastfm+mb
Stars Above,sweet93,sweet93,Stars Above,,,,,2023-08-18,3:56,False,https://open.spotify.com/track/4coOLKzvTTj7zQ9mzP3gxp,spotify:track:4coOLKzvTTj7zQ9mzP3gxp,137797,748422,shoegaze; indie pop; dream pop; noise pop; singer-songwriter,US,United States,,100,1993,,Person,female,108047,357683,,lastfm+mb
racks,ari,ari; Forma Norte,Rock Bag,,,,,2025-10-21,2:09,False,https://open.spotify.com/track/5HtHmnCoChSBwGOSTRoLqB,spotify:track:5HtHmnCoChSBwGOSTRoLqB,164038,1552474,rap; hardcore; psytrance; trance; Progressive metal,FI,Finland,vgm; video game music,100,1982,,Person,male,2435,6115,,lastfm+mb
Purple Rain,Stina Nordenstam,Stina Nordenstam,People Are Strange,,,,,1998,3:52,False,https://open.spotify.com/track/2m2c64xEfvamWWsNZuK0aJ,spotify:track:2m2c64xEfvamWWsNZuK0aJ,410534,5736521,female vocalists; swedish; singer-songwriter; indie; alternative,SE,Sweden,,100,1969,,Person,female,22098,77027,,lastfm+mb
Private Part,Cryogeyser,Cryogeyser,Glitch,,,,,2019-08-09,2:22,False,https://open.spotify.com/track/613z2xGn7dvBcXn16HU4xy,spotify:track:613z2xGn7dvBcXn16HU4xy,266376,3815795,shoegaze; dream pop; electronic; indie; ethereal,,Los Angeles,indie rock; dream pop,100,,,Group,,34898,120776,,lastfm+mb
Just Like You,Locust,Locust,Morning Light,,,,,1997-07-01,4:23,False,https://open.spotify.com/track/4yG6EqENFmjQHDd2ken3IS,spotify:track:4yG6EqENFmjQHDd2ken3IS,232676,2294058,electronic; trip-hop; experimental; grindcore; ambient,GB,United Kingdom,,100,1966,,Person,male,44937,138485,,lastfm+mb
Rita Poser,Rita P,Rita P,Rita's Purse,,,,,2025-05-06,1:45,False,https://open.spotify.com/track/6EvkNzkqGMZ2DqIBNshHsN,spotify:track:6EvkNzkqGMZ2DqIBNshHsN,5164,50805,slacker rock; shoegaze; cloud rock; hypnagogic pop; wish ill see them one day,US,United States,rock; pop; singer-songwriter; electropop; 2000s,100,1979,,Person,female,3110,13212,,lastfm+mb
Adorn,You'll Never Get to Heaven,You'll Never Get to Heaven,Adorn,,,,,2014-08-04,4:25,False,https://open.spotify.com/track/1IT3cqWMXhShSUu5iUcWsl,spotify:track:1IT3cqWMXhShSUu5iUcWsl,657378,14812842,dream pop; Lo-Fi; ambient pop; ambient; electronic,,London,electronic; ambient; lo-fi; dream pop; ambient pop,100,2012,,Group,,76945,319608,,lastfm+mb
Wonder,sweet93,sweet93,All the Same All Ok,,,,,2021-11-19,3:19,False,https://open.spotify.com/track/1u70EY86b3IEuZG2kzWZ8L,spotify:track:1u70EY86b3IEuZG2kzWZ8L,137797,748422,shoegaze; indie pop; dream pop; noise pop; singer-songwriter,US,United States,,100,1993,,Person,female,21120,66445,,lastfm+mb
bruise,dottie,dottie,single,,,,,2020-09-25,3:35,False,https://open.spotify.com/track/2HIgUg7lpuqMG7lJQN7wnc,spotify:track:2HIgUg7lpuqMG7lJQN7wnc,103387,755451,shoegaze; dream pop; ambient; indie; USA,US,United States,country; country pop; nashville sound; death by automobile,100,1932,1991,Person,female,7833,20564,,lastfm+mb
パス・トゥ・ハート,FLat7,FLat7,スウィート・グロウ・オブ・サイレンス,,,,,2012-12-05,3:54,False,https://open.spotify.com/track/4Ajae4jU9xT1CWYQuGEPiI,spotify:track:4Ajae4jU9xT1CWYQuGEPiI,80551,916938,dream pop; shoegaze; japanese; ambient; indie,JP,Japan,,100,2005,,Group,,65307,300631,,lastfm+mb
Sun,Cryogeyser,Cryogeyser,Glitch,,,,,2019-08-09,2:48,False,https://open.spotify.com/track/1w9yWw0gH1ujcw0A7yXaIs,spotify:track:1w9yWw0gH1ujcw0A7yXaIs,266376,3815795,shoegaze; dream pop; electronic; indie; ethereal,,Los Angeles,indie rock; dream pop,100,,,Group,,20692,65261,,lastfm+mb
11,Horse Vision,Horse Vision,Another Life,,,,,2025-03-07,2:53,False,https://open.spotify.com/track/0JZ1N3dBa5WHksh5PbPeum,spotify:track:0JZ1N3dBa5WHksh5PbPeum,52921,407652,indie rock; dream pop; art rock; electronic; shoegaze,DE,Germany,futurepop; synth-pop; german; synthpop; electro,100,1988,,Group,,15974,53240,,lastfm+mb
Swallowed,Jessica Bailiff,Jessica Bailiff,Jessica Bailiff,,,,,2002-10-01,4:02,False,https://open.spotify.com/track/0SJay4DHyhqordaHwfbN2L,spotify:track:0SJay4DHyhqordaHwfbN2L,49512,693507,slowcore; post-rock; shoegaze; singer-songwriter; experimental,US,United States,,100,,,Person,female,11169,39269,,lastfm+mb
Beyond the Clouds,You'll Never Get to Heaven,You'll Never Get to Heaven,Images,,,,,2017-03-24,4:08,False,https://open.spotify.com/track/5eVXg6BhWXAUxzMSJvMafj,spotify:track:5eVXg6BhWXAUxzMSJvMafj,657378,14812842,dream pop; Lo-Fi; ambient pop; ambient; electronic,,London,electronic; ambient; lo-fi; dream pop; ambient pop,100,2012,,Group,,205793,992424,,lastfm+mb
Losing Time,sweet93,sweet93,All the Same All Ok,,,,,2021-11-19,3:51,False,https://open.spotify.com/track/52Ab10L0ttA6a35lKgPT8b,spotify:track:52Ab10L0ttA6a35lKgPT8b,137797,748422,shoegaze; indie pop; dream pop; noise pop; singer-songwriter,US,United States,,100,1993,,Person,female,2116,6406,,lastfm+mb
Lover,Knifeplay,Knifeplay,Pearlty,,,,,2019-03-13,4:27,False,https://open.spotify.com/track/03qM02Tl2jknf9YxemHYqS,spotify:track:03qM02Tl2jknf9YxemHYqS,123962,1753512,shoegaze; dream pop; slowcore; Lo-Fi; indie,US,United States,shoegaze; dream pop; slowcore; indie rock,100,2017,,Group,,41380,219332,,lastfm+mb
Back East,Camille Keller,Camille Keller,Lack of G-LIP,,,,,2025-04-09,2:29,False,https://open.spotify.com/track/5NL2bs3qb0MIR85yf9yWcF,spotify:track:5NL2bs3qb0MIR85yf9yWcF,27894,308540,Belgium,US,United States,folk,100,1970,,Person,male,2465,10915,,lastfm+mb
Luca's Song,Samba Jean-Baptiste,Samba Jean-Baptiste,Cardinal,,,,,2023-09-29,2:10,False,https://open.spotify.com/track/4xESCLPokjlWdRWFVNP9WO,spotify:track:4xESCLPokjlWdRWFVNP9WO,56324,1177825,singer-songwriter; indie; Brooklyn; alternative; indie folk,FR,France,classical; composer; baroque; french composer,100,1632,1687,Person,male,3954,17975,,lastfm+mb
Love and peace,Rockie Rode,Rockie Rode; Izzy Goldbow,Love and peace,,,,,2025-11-23,2:01,False,https://open.spotify.com/track/1gtqV4M416DLzssQDIvxsH,spotify:track:1gtqV4M416DLzssQDIvxsH,29490,151848,dream pop; experimental,,,,100,,,,,1125,2995,,lastfm+mb
Angel land,The Furniture Group,The Furniture Group,Dodgy,,,,,2024-11-11,2:37,False,https://open.spotify.com/track/2TRtO56QhNbGyAn7LpqMTY,spotify:track:2TRtO56QhNbGyAn7LpqMTY,5422,40843,indie rock; rock; american; USA; dream pop,GB,United Kingdom,rock and indie,100,1979,1991,Group,,1100,2915,,lastfm+mb
Give Me Away,Deer park,Deer park,Terra Infirma,,,,,2025-04-04,2:40,False,https://open.spotify.com/track/4D7n3MgM2ueTaWcJtsYBzU,spotify:track:4D7n3MgM2ueTaWcJtsYBzU,38572,465721,dream pop; indie rock; water; Played a WagonWheel show at The Grapes,US,United States,rock; alternative rock; industrial rock; metal; american,100,1996,,Group,,3091,7784,,lastfm
Dallae,Camille Keller,Camille Keller,Something Off / Dallae,,,,,2024-01-31,2:01,False,https://open.spotify.com/track/5Jrq35fkY3GBibqzrJgqS4,spotify:track:5Jrq35fkY3GBibqzrJgqS4,27894,308540,Belgium,US,United States,folk,100,1970,,Person,male,1767,7545,,lastfm+mb
Window Seat,Samba Jean-Baptiste,Samba Jean-Baptiste,Cardinal,,,,,2023-09-29,3:08,False,https://open.spotify.com/track/43V7gqy4xqo5BMaLnDGO8h,spotify:track:43V7gqy4xqo5BMaLnDGO8h,56324,1177825,singer-songwriter; indie; Brooklyn; alternative; indie folk,FR,France,classical; composer; baroque; french composer,100,1632,1687,Person,male,3135,14021,,lastfm+mb
78,Eterna,Eterna,Ants,,,,,2025-06-04,2:32,False,https://open.spotify.com/track/1QU9YgTYGKI8Rhit6Zw9qy,spotify:track:1QU9YgTYGKI8Rhit6Zw9qy,69209,781277,Power metal; Progressive metal; christian metal; white metal; brazilian metal,BR,Brazil,,100,1995,,Group,,3367,6903,,lastfm+mb
TKO,Patch +,Patch +,White Paper,,,,,2023-07-14,2:14,False,https://open.spotify.com/track/3nu2mmV8ddel1yGnjRPuHb,spotify:track:3nu2mmV8ddel1yGnjRPuHb,0,0,,,,,100,2020,,,,0,0,,mb
Life Groze,The Furniture Group,The Furniture Group,Groze,,,,,2025-10-01,2:59,False,https://open.spotify.com/track/6LDtz34J9EDnfrB8eY898X,spotify:track:6LDtz34J9EDnfrB8eY898X,5422,40843,indie rock; rock; american; USA; dream pop,GB,United Kingdom,rock and indie,100,1979,1991,Group,,808,1838,,lastfm+mb
Parasite in My Passenger Seat,Deer park,Deer park,Terra Infirma,,,,,2025-04-04,3:59,False,https://open.spotify.com/track/2ls7PXEUOk4ROTXywJt0nn,spotify:track:2ls7PXEUOk4ROTXywJt0nn,38572,465721,dream pop; indie rock; water; Played a WagonWheel show at The Grapes,US,United States,rock; alternative rock; industrial rock; metal; american,100,1996,,Group,,3073,8201,,lastfm
icl,Babyfather,Babyfather; TYSON,icl,,,,,2026-04-14,2:11,False,https://open.spotify.com/track/10UJH5MIGyFgAIuihlCz2i,spotify:track:10UJH5MIGyFgAIuihlCz2i,229550,7685544,experimental; Hip-Hop; All; Grime; experimental hip hop,,London,hip hop; experimental hip hop; uk bass; alternative r&b; cloud rap,100,,,Group,,9290,29135,,lastfm+mb
Survival Hands,Samba Jean-Baptiste,Samba Jean-Baptiste; fivetofortyseven,+3,,,,,2026-04-01,3:00,False,https://open.spotify.com/track/6YYaL26BTfR9sF7HMKEudT,spotify:track:6YYaL26BTfR9sF7HMKEudT,56324,1177825,singer-songwriter; indie; Brooklyn; alternative; indie folk,FR,France,classical; composer; baroque; french composer,100,1632,1687,Person,male,3996,11453,,lastfm+mb
Plea and Luck,Colle,Colle,Montalvo,,,,,2024-11-13,4:12,False,https://open.spotify.com/track/0v8yQ2tl7zViybZyEaMVF8,spotify:track:0v8yQ2tl7zViybZyEaMVF8,51462,379596,ambient; indie; techno; Progressive; trip hop,US,United States,,100,,,Person,female,6347,15555,,lastfm+mb
Slow,Florence Sinclair,Florence Sinclair,It’s a big man ting,,,,,2021-12-18,1:55,True,https://open.spotify.com/track/7kr9fOsSo2W5OZvXwrHWNI,spotify:track:7kr9fOsSo2W5OZvXwrHWNI,45552,773311,electronica; ambient; rap; alternative; idm,DE,Germany,fuzzy artist - series; has german audio plays; series title as artist; audio drama; _consistency,100,1981,,Character,male,25235,133876,,lastfm+mb
You know better,Eterna,Eterna,Wardrove,,,,,2023-02-24,2:42,False,https://open.spotify.com/track/25dVNUUTypNsXyxpDEMCYr,spotify:track:25dVNUUTypNsXyxpDEMCYr,69209,781277,Power metal; Progressive metal; christian metal; white metal; brazilian metal,BR,Brazil,,100,1995,,Group,,4040,14749,,lastfm+mb
Too Careful,Jabu,Jabu,A Soft and Gatherable Star,,,,,2024-10-18,2:52,False,https://open.spotify.com/track/78g4Sf7X3id6VELAFnzH3N,spotify:track:78g4Sf7X3id6VELAFnzH3N,39477,362107,electronic; experimental; ambient; dub; downtempo,,,,100,,,Group,,11219,29431,,lastfm+mb
one sec,Nova Varnrable,Nova Varnrable,where it melts away,,,,,2025-04-04,2:30,False,https://open.spotify.com/track/5LZsy108T9MWMhNzdoiSEi,spotify:track:5LZsy108T9MWMhNzdoiSEi,7230,30638,,,Copenhagen,alternative pop; electronic pop,100,,,,,539,1094,,lastfm+mb
I Think I Saw,Chanel Beads,Chanel Beads,Your Day Will Come,,,,,2024-04-19,3:11,False,https://open.spotify.com/track/0vN0RFz15RkoonNLQPLgW1,spotify:track:0vN0RFz15RkoonNLQPLgW1,234266,4319668,experimental; dream pop; indie pop; american; Neo-Psychedelia,,New York,,100,,,Group,,44435,222478,,lastfm+mb
+3,Samba Jean-Baptiste,Samba Jean-Baptiste,+3,,,,,2026-04-01,2:53,False,https://open.spotify.com/track/7gpFLhxjONpUIY2TPUwQ62,spotify:track:7gpFLhxjONpUIY2TPUwQ62,56324,1177825,singer-songwriter; indie; Brooklyn; alternative; indie folk,FR,France,classical; composer; baroque; french composer,100,1632,1687,Person,male,0,0,,lastfm+mb
Break Me,Adios Adios,Adios Adios,A Token of Love,,,,,2024-06-21,2:39,False,https://open.spotify.com/track/4KGupujAybsCTMOivkMm25,spotify:track:4KGupujAybsCTMOivkMm25,6444,50375,folk; psychedelic; art rock; indie,ES,Spain,,100,,,Person,,1983,5738,,lastfm
slipping,Florence Sinclair,Florence Sinclair,"departures, wonders & tears",,,,,2023-07-20,2:31,True,https://open.spotify.com/track/7kXSBPmq2nGpjDXbrKZ49U,spotify:track:7kXSBPmq2nGpjDXbrKZ49U,45552,773311,electronica; ambient; rap; alternative; idm,DE,Germany,fuzzy artist - series; has german audio plays; series title as artist; audio drama; _consistency,100,1981,,Character,male,7033,30205,,lastfm+mb
Felt Right,Camille Keller,Camille Keller,Lack of G-LIP,,,,,2025-04-09,2:37,True,https://open.spotify.com/track/2hxRqRrDJJvdqIGQfSFuQV,spotify:track:2hxRqRrDJJvdqIGQfSFuQV,27894,308540,Belgium,US,United States,folk,100,1970,,Person,male,2357,9518,,lastfm+mb
maskonface,Deer park,Deer park,DPFC,,,,,2024-02-02,2:30,False,https://open.spotify.com/track/0sQGom82mrAjJDN8xECxFa,spotify:track:0sQGom82mrAjJDN8xECxFa,38572,465721,dream pop; indie rock; water; Played a WagonWheel show at The Grapes,US,United States,rock; alternative rock; industrial rock; metal; american,100,1996,,Group,,4037,20960,,lastfm
Object 9,Samba Jean-Baptiste,Samba Jean-Baptiste,+3,,,,,2026-04-01,2:25,False,https://open.spotify.com/track/2vwhic32UPA5rSk0epLn30,spotify:track:2vwhic32UPA5rSk0epLn30,56324,1177825,singer-songwriter; indie; Brooklyn; alternative; indie folk,FR,France,classical; composer; baroque; french composer,100,1632,1687,Person,male,5232,15248,,lastfm+mb
Dust And Gold,Sepiatone,Sepiatone,In Sepiatone,,,,,2007-06-19,2:44,False,https://open.spotify.com/track/3kHWRSMYxh0bCp96QuSofl,spotify:track:3kHWRSMYxh0bCp96QuSofl,74014,448011,Avant Pop; musica per gente che non sta bene di testa; italiani; dreamlike timeless pop psichedelic italian australian songwriters; GenteCheNonStaBene,IT,Italy,,100,,,Group,,5216,9742,,lastfm+mb
run,Florence Sinclair,Florence Sinclair,"departures, wonders & tears",,,,,2023-07-20,1:25,False,https://open.spotify.com/track/5SGyOIaaeSd7X18J0E1jIO,spotify:track:5SGyOIaaeSd7X18J0E1jIO,45552,773311,electronica; ambient; rap; alternative; idm,DE,Germany,fuzzy artist - series; has german audio plays; series title as artist; audio drama; _consistency,100,1981,,Character,male,7333,26996,,lastfm+mb
In The Headlights,Angel Investor,Angel Investor,I Can’t Smell The Roses Underground,,,,,2025-05-15,2:06,False,https://open.spotify.com/track/29FYIIRA7ZN2upWDbj0rRk,spotify:track:29FYIIRA7ZN2upWDbj0rRk,4420,34103,shoegaze; indie; indie rock; post-punk; Neo-Psychedelia,,,,100,,,Person,,1150,3064,,lastfm+mb
Until,Stina Nordenstam,Stina Nordenstam,Dynamite,,,,,1996,3:41,False,https://open.spotify.com/track/4BNq0GvrfwLoxmlqWrAPGk,spotify:track:4BNq0GvrfwLoxmlqWrAPGk,410534,5736521,female vocalists; swedish; singer-songwriter; indie; alternative,SE,Sweden,,100,1969,,Person,female,18065,59376,,lastfm+mb
Fwdbk,NINA,NINA,Classics,,,,,2021-11-02,2:36,False,https://open.spotify.com/track/200BleP59IXjKJbRXnjnzZ,spotify:track:200BleP59IXjKJbRXnjnzZ,306516,4411292,synthwave; eurodance; female vocalists; pop; 90s,US,United States,classical; jazz; folk; american; blues,100,1933,2003,Person,female,5603,23856,,lastfm+mb
Love/Of Love,Rockie Rode,Rockie Rode,Love/Of Love,,,,,2024-05-31,1:56,False,https://open.spotify.com/track/0tBFBamg7uL4mJqbrFAmwY,spotify:track:0tBFBamg7uL4mJqbrFAmwY,29490,151848,dream pop; experimental,,,,100,,,,,2489,6800,,lastfm+mb
Whiplash 2,Quiet Light,Quiet Light,Blue Angel Sparkling Silver,,,,,2023-08-11,1:49,False,https://open.spotify.com/track/0CydqWDn2pocJH8NXqn1fl,spotify:track:0CydqWDn2pocJH8NXqn1fl,93131,993470,indie folk; electronic; experimental; folk; dream pop,GB,United Kingdom,rock; electronic; pop; progressive rock; 70s,100,1970,2025,Group,,24870,80191,,lastfm+mb
1994,Detente,Detente,Ghosts,,,,,2024-05-28,3:23,False,https://open.spotify.com/track/5HaPsJCqBJgcW7vaOpaLWH,spotify:track:5HaPsJCqBJgcW7vaOpaLWH,16716,216696,thrash metal; speed metal; Female fronted metal; american; 80s,US,United States,metal; thrash metal,100,1984,,Group,,4064,9796,,lastfm+mb
Sin Que Temblaran Tus Manos,Eterna,Eterna,Debunker,,,,,2025-01-31,3:38,False,https://open.spotify.com/track/4R0tJ3CM82U8GF4MDr2hny,spotify:track:4R0tJ3CM82U8GF4MDr2hny,69209,781277,Power metal; Progressive metal; christian metal; white metal; brazilian metal,BR,Brazil,,100,1995,,Group,,1167,2762,,lastfm+mb
blue is the color,Requisit,Requisit,3,,,,,2023-05-27,4:04,False,https://open.spotify.com/track/3vwi0aoZM8TXNZm8q9BVCE,spotify:track:3vwi0aoZM8TXNZm8q9BVCE,27364,138411,ambient; electronic; downtempo; experimental; Lo-Fi,,,,0,,,,,2871,8600,,lastfm
Almost A Smile,Stina Nordenstam,Stina Nordenstam,Dynamite,,,,,1996,4:53,False,https://open.spotify.com/track/05L6DsUAEL7vbamU1LIxAD,spotify:track:05L6DsUAEL7vbamU1LIxAD,410534,5736521,female vocalists; swedish; singer-songwriter; indie; alternative,SE,Sweden,,100,1969,,Person,female,22609,77052,,lastfm+mb
Brush Wit,NINA,NINA,Classics,,,,,2021-11-02,3:43,False,https://open.spotify.com/track/3O2RDWUOMYBApICVacPtfW,spotify:track:3O2RDWUOMYBApICVacPtfW,306516,4411292,synthwave; eurodance; female vocalists; pop; 90s,US,United States,classical; jazz; folk; american; blues,100,1933,2003,Person,female,5837,21803,,lastfm+mb
Asunder,Lovefear,Lovefear; Fatshaudi,Leaving The Caim,,,,,2021-06-23,3:17,False,https://open.spotify.com/track/6l16ADoej54WepEcVtacKr,spotify:track:6l16ADoej54WepEcVtacKr,33673,166665,,AU,Australia,,100,,,,,6010,20085,,lastfm+mb
مظهر11,Lancer,Lancer; cr00k6,Smile,,,,,2025-12-30,2:09,False,https://open.spotify.com/track/0iDQaGCtgPkFy63w8V13a8,spotify:track:0iDQaGCtgPkFy63w8V13a8,13980,119276,Power metal; heavy metal; speed metal; Sweden; izhevsk,,Arvika Municipality,power metal,100,2009,,Group,,715,2526,,lastfm+mb
O-dog,Florence Sinclair,Florence Sinclair,"departures, wonders & tears",,,,,2023-07-20,1:49,True,https://open.spotify.com/track/53G88B8JM5Fe9vxYZWuBjO,spotify:track:53G88B8JM5Fe9vxYZWuBjO,45552,773311,electronica; ambient; rap; alternative; idm,DE,Germany,fuzzy artist - series; has german audio plays; series title as artist; audio drama; _consistency,100,1981,,Character,male,4200,19340,,lastfm+mb
Body in a Bottle,Mori Mori,Mori Mori,BB Void,,,,,2024-10-24,2:21,False,https://open.spotify.com/track/7uAZpkHHw7imVRMV5nvmoF,spotify:track:7uAZpkHHw7imVRMV5nvmoF,32369,243029,experimental; ambient; noise; electronic; drone,,,,100,,,Person,,2098,5360,,lastfm+mb
III,Forma Norte,Forma Norte,El Paso,,,,,2023-12-23,2:34,False,https://open.spotify.com/track/6Vr9fEtSeXERxYf3lr6Aj8,spotify:track:6Vr9fEtSeXERxYf3lr6Aj8,89954,1366644,ambient; folk; shoegaze; alternative; dream pop,,,,100,,,,,7567,18438,,lastfm+mb
Fringe,Joanne Robertson,Joanne Robertson,The Lighter,,,,,2008,3:45,False,https://open.spotify.com/track/1azwHLUMeh52rgeg4odXZh,spotify:track:1azwHLUMeh52rgeg4odXZh,205684,5026899,folk; singer-songwriter; female vocalists; acoustic; indie,GB,United Kingdom,,100,,,Person,female,2357,6574,,lastfm+mb
Simple Passion,mark william lewis,mark william lewis,Living,,,,,2023-01-23,3:33,False,https://open.spotify.com/track/2NwFo3IlJeza6AJsPt7l0e,spotify:track:2NwFo3IlJeza6AJsPt7l0e,203932,3925686,dream pop; art pop; Neo-Psychedelia; hypnagogic pop; indie,,,,100,1931,,Person,male,30372,106790,,lastfm+mb
To Take the Space,Patch +,Patch +,White Paper,,,,,2023-07-14,2:24,False,https://open.spotify.com/track/1kq3wd2ZrWax0FnxKoj2dc,spotify:track:1kq3wd2ZrWax0FnxKoj2dc,0,0,,,,,100,2020,,,,0,0,,mb
Suzuki Rhythm Boy,The Crying Nudes,The Crying Nudes,The Crying Nudes,,,,,2024-09-06,1:50,False,https://open.spotify.com/track/4fTd9eB4LE82ZsC0jTiHjH,spotify:track:4fTd9eB4LE82ZsC0jTiHjH,155645,3572730,dream pop; ambient; indie; alternative; UK,GB,United Kingdom,,100,,,Group,,35973,245697,,lastfm+mb
Good Grief,Chanel Beads,Chanel Beads,Zut Alors,,,,,2018-06-25,3:59,False,https://open.spotify.com/track/5Wfo0OpMEYsHfXoHXdosr9,spotify:track:5Wfo0OpMEYsHfXoHXdosr9,234266,4319668,experimental; dream pop; indie pop; american; Neo-Psychedelia,,New York,,100,,,Group,,14180,45420,,lastfm+mb
Salvation,Ivy Knight,Ivy Knight,Feet of Mud,,,,,2022-07-16,3:26,False,https://open.spotify.com/track/1c41fc40PnBvN5gVrm11UI,spotify:track:1c41fc40PnBvN5gVrm11UI,24168,290019,bedroom pop; indie; alternative rock; indie rock; alternative country,US,United States,soul; quiet storm; motown; classic pop and rock; smooth soul,100,1953,1989,Group,,13654,78223,,lastfm+mb
Crystal,Deer park,Deer park,Terra Infirma,,,,,2025-04-04,2:57,False,https://open.spotify.com/track/1iFsFhFsQa4CGobJXvVdob,spotify:track:1iFsFhFsQa4CGobJXvVdob,38572,465721,dream pop; indie rock; water; Played a WagonWheel show at The Grapes,US,United States,rock; alternative rock; industrial rock; metal; american,100,1996,,Group,,15292,55437,,lastfm
Lara,NINA,NINA,Classics,,,,,2021-11-02,2:23,False,https://open.spotify.com/track/1EXueVlTrbjZ2PN0WgAnRw,spotify:track:1EXueVlTrbjZ2PN0WgAnRw,306516,4411292,synthwave; eurodance; female vocalists; pop; 90s,US,United States,classical; jazz; folk; american; blues,100,1933,2003,Person,female,6895,24820,,lastfm+mb
Nurse!,bar italia,bar italia,changer,,,,,2023-05-15,3:48,False,https://open.spotify.com/track/46W9MkAbpoNwI3jIv4ytDx,spotify:track:46W9MkAbpoNwI3jIv4ytDx,272467,9263756,indie rock; Lo-Fi; post-punk; hypnagogic pop; experimental,,London,indie rock; noise pop; post-punk revival; hypnagogic pop; slacker rock,100,2019,,Group,,76465,511985,,lastfm+mb
Dedicated To The World,Chanel Beads,Chanel Beads,Your Day Will Come,,,,,2024-04-19,3:02,False,https://open.spotify.com/track/7mrg21PgRujbDGdMhZZNFL,spotify:track:7mrg21PgRujbDGdMhZZNFL,234266,4319668,experimental; dream pop; indie pop; american; Neo-Psychedelia,,New York,,100,,,Group,,49661,239966,,lastfm+mb
Sunstroke,Sepiatone,Sepiatone,In Sepiatone,,,,,2007-06-19,4:12,False,https://open.spotify.com/track/14YGdqdtyIUMDZvx3VFGcV,spotify:track:14YGdqdtyIUMDZvx3VFGcV,74014,448011,Avant Pop; musica per gente che non sta bene di testa; italiani; dreamlike timeless pop psichedelic italian australian songwriters; GenteCheNonStaBene,IT,Italy,,100,,,Group,,24956,65047,,lastfm+mb
Give Me Away,Deer park,Deer park,Terra Infirma,,,,,2025-04-04,2:40,False,https://open.spotify.com/track/4D7n3MgM2ueTaWcJtsYBzU,spotify:track:4D7n3MgM2ueTaWcJtsYBzU,38572,465721,dream pop; indie rock; water; Played a WagonWheel show at The Grapes,US,United States,rock; alternative rock; industrial rock; metal; american,100,1996,,Group,,3091,7784,,lastfm
TKO,Patch +,Patch +,White Paper,,,,,2023-07-14,2:14,False,https://open.spotify.com/track/3nu2mmV8ddel1yGnjRPuHb,spotify:track:3nu2mmV8ddel1yGnjRPuHb,0,0,,,,,100,2020,,,,0,0,,mb
Marker,Joanne Robertson,Joanne Robertson,The Lighter,,,,,2008,4:39,False,https://open.spotify.com/track/2CUQdtBKVwg57HqsymFNmt,spotify:track:2CUQdtBKVwg57HqsymFNmt,205684,5026899,folk; singer-songwriter; female vocalists; acoustic; indie,GB,United Kingdom,,100,,,Person,female,2701,7711,,lastfm+mb
Better,NINA,NINA,Better,,,,,2020-05-02,1:17,False,https://open.spotify.com/track/6M9LdTYJ3yecZnwiFSdz6v,spotify:track:6M9LdTYJ3yecZnwiFSdz6v,306516,4411292,synthwave; eurodance; female vocalists; pop; 90s,US,United States,classical; jazz; folk; american; blues,100,1933,2003,Person,female,31843,169670,,lastfm+mb
Lahey drunsfeld,bar italia,bar italia,bedhead,,,,,2021-03-26,1:01,False,https://open.spotify.com/track/1kVdmcLa3pn2iwCkGiv6zw,spotify:track:1kVdmcLa3pn2iwCkGiv6zw,272467,9263756,indie rock; Lo-Fi; post-punk; hypnagogic pop; experimental,,London,indie rock; noise pop; post-punk revival; hypnagogic pop; slacker rock,100,2019,,Group,,9695,30491,,lastfm+mb
Slow,Florence Sinclair,Florence Sinclair,It’s a big man ting,,,,,2021-12-18,1:55,True,https://open.spotify.com/track/7kr9fOsSo2W5OZvXwrHWNI,spotify:track:7kr9fOsSo2W5OZvXwrHWNI,45552,773311,electronica; ambient; rap; alternative; idm,DE,Germany,fuzzy artist - series; has german audio plays; series title as artist; audio drama; _consistency,100,1981,,Character,male,25235,133876,,lastfm+mb
You know better,Eterna,Eterna,Wardrove,,,,,2023-02-24,2:42,False,https://open.spotify.com/track/25dVNUUTypNsXyxpDEMCYr,spotify:track:25dVNUUTypNsXyxpDEMCYr,69209,781277,Power metal; Progressive metal; christian metal; white metal; brazilian metal,BR,Brazil,,100,1995,,Group,,4040,14749,,lastfm+mb
Same,Taraneh,Taraneh,Grab Bag,,,,,2020-06-19,1:38,False,https://open.spotify.com/track/6IWjNhLIgtPTF4576ZHaou,spotify:track:6IWjNhLIgtPTF4576ZHaou,54877,498994,iran; dream pop; folk; Garage Rock; female vocalist,,New York,,100,,,Person,female,364,1716,,lastfm+mb
Down Desire Avenue,Stina Nordenstam,Stina Nordenstam,Dynamite,,,,,1996,5:04,False,https://open.spotify.com/track/04T2RakZqdKLclJmciMG4g,spotify:track:04T2RakZqdKLclJmciMG4g,410534,5736521,female vocalists; swedish; singer-songwriter; indie; alternative,SE,Sweden,,100,1969,,Person,female,24059,85985,,lastfm+mb
stillicide,Angel Investor,Angel Investor,I Can’t Smell The Roses Underground,,,,,2025-05-15,2:25,False,https://open.spotify.com/track/4MepghiQTWylB8VarneGVh,spotify:track:4MepghiQTWylB8VarneGVh,4420,34103,shoegaze; indie; indie rock; post-punk; Neo-Psychedelia,,,,100,,,Person,,2839,10157,,lastfm+mb
Brush Wit,NINA,NINA,Classics,,,,,2021-11-02,3:43,False,https://open.spotify.com/track/3O2RDWUOMYBApICVacPtfW,spotify:track:3O2RDWUOMYBApICVacPtfW,306516,4411292,synthwave; eurodance; female vocalists; pop; 90s,US,United States,classical; jazz; folk; american; blues,100,1933,2003,Person,female,5837,21803,,lastfm+mb
Fundraiser,bar italia,bar italia,Some Like It Hot,,,,,2025-10-17,3:39,False,https://open.spotify.com/track/1IBsWEOUwPCDJLwyzsbiBP,spotify:track:1IBsWEOUwPCDJLwyzsbiBP,272467,9263756,indie rock; Lo-Fi; post-punk; hypnagogic pop; experimental,,London,indie rock; noise pop; post-punk revival; hypnagogic pop; slacker rock,100,2019,,Group,,45075,207340,,lastfm+mb
A/B,Fine,Fine,Rocky Top Ballads,,,,,2024-06-07,4:57,False,https://open.spotify.com/track/6uYxmyVvwe1uWkS7hQkMxg,spotify:track:6uYxmyVvwe1uWkS7hQkMxg,161233,1900350,dream pop; heavy metal; denmark; indie pop; hard rock,GB,United Kingdom,rock; electronic; pop; british; new wave,100,1984,1996,Group,,19663,76083,,lastfm+mb
Several Snakes,Double Virgo,Double Virgo,Hardrive Heat Seeking,,,,,2023-08-31,1:08,False,https://open.spotify.com/track/0iCvMhl0DBMbXEmMIhbliX,spotify:track:0iCvMhl0DBMbXEmMIhbliX,100,474,UK; indie rock; Psychedelic Rock; rock; shoegaze,,London,,100,,,Group,,1228,3522,,lastfm+mb
racks,ari,ari; Forma Norte,Rock Bag,,,,,2025-10-21,2:09,False,https://open.spotify.com/track/5HtHmnCoChSBwGOSTRoLqB,spotify:track:5HtHmnCoChSBwGOSTRoLqB,164038,1552474,rap; hardcore; psytrance; trance; Progressive metal,FI,Finland,vgm; video game music,100,1982,,Person,male,2435,6115,,lastfm+mb
Ur Eyes,Mori Mori,Mori Mori,BB Void,,,,,2024-10-24,3:03,False,https://open.spotify.com/track/3cQYUujPdFBoQLk7vxVHeo,spotify:track:3cQYUujPdFBoQLk7vxVHeo,32369,243029,experimental; ambient; noise; electronic; drone,,,,100,,,Person,,13697,40711,,lastfm+mb
Miserere,NINA,NINA,Classics,,,,,2021-11-02,1:33,False,https://open.spotify.com/track/6cO211N5ylHOJKVDOuf1p0,spotify:track:6cO211N5ylHOJKVDOuf1p0,306516,4411292,synthwave; eurodance; female vocalists; pop; 90s,US,United States,classical; jazz; folk; american; blues,100,1933,2003,Person,female,16045,65822,,lastfm+mb
my little tony,bar italia,bar italia,worlds greatest emoter,,,,,2023-10-26,2:59,False,https://open.spotify.com/track/4FYezNxMEWQvi8VilxQEPA,spotify:track:4FYezNxMEWQvi8VilxQEPA,272467,9263756,indie rock; Lo-Fi; post-punk; hypnagogic pop; experimental,,London,indie rock; noise pop; post-punk revival; hypnagogic pop; slacker rock,100,2019,,Group,,57983,310749,,lastfm+mb
So Far So Good,Taraneh,Taraneh,Grab Bag,,,,,2020-06-19,2:47,False,https://open.spotify.com/track/0mTTHdf8mTcKI2ObVQlEvR,spotify:track:0mTTHdf8mTcKI2ObVQlEvR,54877,498994,iran; dream pop; folk; Garage Rock; female vocalist,,New York,,100,,,Person,female,302,1319,,lastfm+mb
Rinsed,Dean Blunt,Dean Blunt; TYSON,Rinsed,,,,,2023-03-03,1:46,False,https://open.spotify.com/track/7HXkG71tnUPgjeMEP9688d,spotify:track:7HXkG71tnUPgjeMEP9688d,953523,72906981,experimental; Lo-Fi; Avant-Garde; dub; art pop,,Hackney,psychedelic pop; avant-garde; art pop,100,1984,,Person,male,301974,3567930,singer-songwriter; folk rock; dream pop; jangle pop,lastfm+mb
Tourist,Patch +,Patch +,White Paper,,,,,2023-07-14,1:35,False,https://open.spotify.com/track/4LVBMv0GY9JGQLA1PXxNPE,spotify:track:4LVBMv0GY9JGQLA1PXxNPE,0,0,,,,,100,2020,,,,0,0,,mb
So different,Eterna,Eterna,Wardrove,,,,,2023-02-24,3:07,False,https://open.spotify.com/track/4MXEwATuhbuRklVIBFWtyT,spotify:track:4MXEwATuhbuRklVIBFWtyT,69209,781277,Power metal; Progressive metal; christian metal; white metal; brazilian metal,BR,Brazil,,100,1995,,Group,,14171,54659,,lastfm+mb
that's honey,untitled (halo),untitled (halo),headbanger,,,,,2024-11-22,3:44,False,https://open.spotify.com/track/0t5ONsZxckUmoEWAz3k3kR,spotify:track:0t5ONsZxckUmoEWAz3k3kR,101445,1031635,dream pop; slowcore; shoegaze; indie rock; Lo-Fi,,Los Angeles,,100,,,Group,,20122,65338,,lastfm
O My Soul,Deer park,Deer park; thomas,Terra Infirma,,,,,2025-04-04,2:46,False,https://open.spotify.com/track/19HYKWgx7WAjRSupUgKKnV,spotify:track:19HYKWgx7WAjRSupUgKKnV,38572,465721,dream pop; indie rock; water; Played a WagonWheel show at The Grapes,US,United States,rock; alternative rock; industrial rock; metal; american,100,1996,,Group,,2867,7202,,lastfm
worlds greatest emoter,bar italia,bar italia,worlds greatest emoter,,,,,2023-10-26,2:54,True,https://open.spotify.com/track/6cjffqe2ghES5XsGAL9TlT,spotify:track:6cjffqe2ghES5XsGAL9TlT,272467,9263756,indie rock; Lo-Fi; post-punk; hypnagogic pop; experimental,,London,indie rock; noise pop; post-punk revival; hypnagogic pop; slacker rock,100,2019,,Group,,37274,182665,,lastfm+mb
Splashy,Double Virgo,Double Virgo,Estranged,,,,,2022-02-13,3:26,False,https://open.spotify.com/track/25qY9qwDUlaKkZL0VpObmW,spotify:track:25qY9qwDUlaKkZL0VpObmW,100,474,UK; indie rock; Psychedelic Rock; rock; shoegaze,,London,,100,,,Group,,16365,92786,,lastfm+mb
SASSY,Joanne Robertson,Joanne Robertson; Dean Blunt,Backstage Raver,,,,,2024-05-27,2:19,False,https://open.spotify.com/track/4elitGMjD5pJEoddnEFbDK,spotify:track:4elitGMjD5pJEoddnEFbDK,205684,5026899,folk; singer-songwriter; female vocalists; acoustic; indie,GB,United Kingdom,,100,,,Person,female,70252,474464,,lastfm+mb
A Perfect Day,Patch +,Patch +,White Paper,,,,,2023-07-14,1:50,False,https://open.spotify.com/track/1YM2yozE7s0DjyKfcRzCB0,spotify:track:1YM2yozE7s0DjyKfcRzCB0,0,0,,,,,100,2020,,,,0,0,,mb
Say So,Samba Jean-Baptiste,Samba Jean-Baptiste,Access Delight,,,,,2025-04-18,2:59,False,https://open.spotify.com/track/6f4luuEyY6Fp2AElSTkP5b,spotify:track:6f4luuEyY6Fp2AElSTkP5b,56324,1177825,singer-songwriter; indie; Brooklyn; alternative; indie folk,FR,France,classical; composer; baroque; french composer,100,1632,1687,Person,male,7755,33823,,lastfm+mb
Blue Honda,mark william lewis,mark william lewis,God Complex,,,,,2022-04-08,2:37,False,https://open.spotify.com/track/2e8k1ZyFvXzoLzd1kvkXGV,spotify:track:2e8k1ZyFvXzoLzd1kvkXGV,203932,3925686,dream pop; art pop; Neo-Psychedelia; hypnagogic pop; indie,,,,100,1931,,Person,male,40600,176192,,lastfm+mb
Pedal Petal,untitled (halo),untitled (halo),"Scenic Route - Road Less Travelled, Vol​​​.​​​ 2",,,,,2024-06-14,2:51,False,https://open.spotify.com/track/4K3TWtmQ2E5ovfFRfydcRI,spotify:track:4K3TWtmQ2E5ovfFRfydcRI,101445,1031635,dream pop; slowcore; shoegaze; indie rock; Lo-Fi,,Los Angeles,,100,,,Group,,31727,106693,,lastfm
itv2,bar italia,bar italia,bedhead,,,,,2021-03-26,2:00,False,https://open.spotify.com/track/23P7T4tTGh82xsMvNiETzz,spotify:track:23P7T4tTGh82xsMvNiETzz,272467,9263756,indie rock; Lo-Fi; post-punk; hypnagogic pop; experimental,,London,indie rock; noise pop; post-punk revival; hypnagogic pop; slacker rock,100,2019,,Group,,30363,157704,,lastfm+mb
